,target,confidence
0,1.0,1.0
1,1.0,0.9999968
2,1.0,0.99999726
3,1.0,1.0
4,1.0,0.999796
5,1.0,0.9747063
6,1.0,0.99938023
7,1.0,0.99977463
8,1.0,0.9998235
9,1.0,0.99974054
10,1.0,0.9999993
11,1.0,0.99996865
12,1.0,0.99994886
13,1.0,0.9999703
14,1.0,0.6345046
15,1.0,0.99999976
16,1.0,0.99999976
17,1.0,0.9997806
18,1.0,0.99995375
19,1.0,0.9999999
20,1.0,0.9979061
21,1.0,1.0
22,1.0,0.9999964
23,1.0,0.9999963
24,1.0,0.7773648
25,1.0,0.99999225
26,1.0,0.9600343
27,1.0,0.99991226
28,1.0,0.99988914
29,1.0,0.9996257
30,1.0,0.99997616
31,1.0,0.9999999
32,1.0,0.9999939
33,1.0,1.0
34,1.0,1.0
35,1.0,0.81983465
36,1.0,0.77684796
37,1.0,0.8989153
38,1.0,0.99133825
39,1.0,0.9999974
40,1.0,0.9999958
41,1.0,0.97516555
42,1.0,0.9926609
43,1.0,0.99985933
44,1.0,0.9999994
45,1.0,0.91416234
46,1.0,1.0
47,1.0,1.0
48,1.0,1.0
49,1.0,0.9999064
50,1.0,1.0
51,1.0,1.0
52,1.0,0.99998474
53,1.0,0.99410003
54,1.0,0.9985129
55,1.0,1.0
56,1.0,0.9319121
57,1.0,0.99843186
58,1.0,0.9998549
59,1.0,0.99999976
60,1.0,0.97317296
61,1.0,1.0
62,1.0,0.99769455
63,1.0,0.9101869
64,1.0,1.0
65,1.0,0.9997639
66,1.0,0.6868701
67,1.0,0.9999999
68,1.0,0.9997248
69,1.0,0.98985964
70,1.0,0.84247065
71,1.0,0.9999994
72,1.0,1.0
73,1.0,1.0
74,1.0,0.88837516
75,1.0,0.9995011
76,1.0,1.0
77,1.0,0.99998844
78,1.0,0.9999505
79,1.0,0.9999906
80,1.0,1.0
81,1.0,0.74733305
82,1.0,0.99999964
83,1.0,0.9917366
84,1.0,0.99343187
85,1.0,1.0
86,1.0,1.0
87,1.0,0.9999995
88,1.0,1.0
89,1.0,1.0
90,1.0,0.99952304
91,1.0,1.0
92,1.0,0.99999857
93,1.0,0.99994063
94,1.0,0.9527044
95,1.0,1.0
96,1.0,0.6816227
97,1.0,1.0
98,1.0,0.99999666
99,1.0,0.7839804
100,1.0,0.9997676
101,1.0,0.9999763
102,1.0,0.99999475
103,1.0,0.9497524
104,1.0,0.99649423
105,1.0,0.9999927
106,1.0,0.9860263
107,1.0,0.90144235
108,1.0,0.9917602
109,1.0,1.0
110,1.0,0.9999894
111,1.0,0.9989371
112,1.0,0.99999976
113,1.0,0.9954234
114,1.0,0.9762323
115,1.0,0.9999995
116,1.0,1.0
117,1.0,0.99997294
118,1.0,0.99425703
119,1.0,0.5078123
120,1.0,0.9937093
121,1.0,1.0
122,1.0,1.0
123,1.0,0.99999785
124,1.0,0.8387142
125,1.0,1.0
126,1.0,0.9999963
127,1.0,0.9930748
128,1.0,0.99997056
129,1.0,0.6058962
130,1.0,0.999879
131,1.0,1.0
132,1.0,0.9998555
133,1.0,0.9999999
134,1.0,0.9999474
135,1.0,1.0
136,1.0,0.8923532
137,1.0,0.9999995
138,1.0,0.99999833
139,1.0,0.9993197
140,1.0,0.9993686
141,1.0,1.0
142,1.0,0.9993648
143,1.0,1.0
144,1.0,0.9994491
145,1.0,1.0
146,1.0,1.0
147,1.0,1.0
148,1.0,1.0
149,1.0,0.9998634
150,1.0,1.0
151,1.0,1.0
152,1.0,1.0
153,1.0,0.9994809
154,1.0,1.0
155,1.0,1.0
156,1.0,0.99573565
157,1.0,0.99616784
158,1.0,1.0
159,1.0,0.8818563
160,1.0,0.9988354
161,1.0,0.9999999
162,1.0,0.9720563
163,1.0,0.99999976
164,1.0,1.0
165,1.0,1.0
166,1.0,0.99999905
167,1.0,1.0
168,1.0,0.82718027
169,1.0,1.0
170,1.0,0.76912403
171,1.0,0.99882597
172,1.0,1.0
173,1.0,1.0
174,1.0,0.99994385
175,1.0,0.99989355
176,1.0,0.9736612
177,1.0,1.0
178,1.0,1.0
179,1.0,0.5472491
180,1.0,0.9999994
181,1.0,0.99997866
182,1.0,0.9999999
183,1.0,0.9994746
184,1.0,1.0
185,1.0,0.9999993
186,1.0,1.0
187,1.0,0.9999995
188,1.0,0.9999678
189,1.0,1.0
190,1.0,1.0
191,1.0,0.9999993
192,1.0,0.9987255
193,1.0,0.71501327
194,1.0,0.99998665
195,1.0,0.76619357
196,1.0,0.99999595
197,1.0,0.99969494
198,1.0,0.9999999
199,1.0,1.0
200,1.0,0.9999994
201,1.0,0.9231706
202,1.0,0.9999994
203,1.0,1.0
204,1.0,0.99999833
205,1.0,0.99942136
206,1.0,0.9998134
207,1.0,1.0
208,1.0,0.9999993
209,1.0,1.0
210,1.0,0.999998
211,1.0,0.7466644
212,1.0,0.9993874
213,1.0,1.0
214,1.0,0.999998
215,1.0,0.99999976
216,1.0,0.99999464
217,1.0,0.99999964
218,1.0,0.99819237
219,1.0,1.0
220,1.0,0.8123603
221,1.0,0.86910754
222,1.0,1.0
223,1.0,1.0
224,1.0,0.9991653
225,1.0,1.0
226,1.0,0.68601495
227,1.0,0.99998784
228,1.0,0.9899088
229,1.0,0.9989347
230,1.0,0.99999964
231,1.0,1.0
232,1.0,0.7462036
233,1.0,0.99999964
234,1.0,0.99999857
235,1.0,1.0
236,1.0,0.93501574
237,1.0,0.6224505
238,1.0,0.5724918
239,1.0,1.0
240,1.0,0.995732
241,1.0,1.0
242,1.0,1.0
243,1.0,0.99057394
244,1.0,0.9958022
245,1.0,0.9994062
246,1.0,0.9999784
247,1.0,0.99999857
248,1.0,0.6332235
249,1.0,0.9983676
250,1.0,1.0
251,1.0,0.9999999
252,1.0,0.9995653
253,1.0,1.0
254,1.0,0.9988267
255,1.0,0.999826
256,1.0,1.0
257,1.0,1.0
258,1.0,0.99999595
259,1.0,0.9999999
260,1.0,0.6021913
261,1.0,0.99066025
262,1.0,0.8966497
263,1.0,0.999388
264,1.0,1.0
265,1.0,0.99148315
266,1.0,0.9999989
267,1.0,0.99999976
268,1.0,0.99987674
269,1.0,0.9982418
270,1.0,1.0
271,1.0,1.0
272,1.0,0.9999974
273,1.0,0.99998665
274,1.0,0.9989247
275,1.0,0.9999654
276,1.0,0.99938583
277,1.0,0.9999747
278,1.0,0.51670456
279,1.0,0.989312
280,1.0,0.9999975
281,1.0,0.9999999
282,1.0,1.0
283,1.0,1.0
284,1.0,0.9999461
285,1.0,1.0
286,1.0,0.99999774
287,1.0,0.8959949
288,1.0,0.99999154
289,1.0,0.9999733
290,1.0,0.99999857
291,1.0,0.9999999
292,1.0,0.9999993
293,1.0,1.0
294,1.0,0.9999999
295,1.0,0.9999999
296,1.0,1.0
297,1.0,0.9999964
298,1.0,0.998156
299,1.0,0.97644365
300,1.0,0.99991655
301,1.0,0.9998969
302,1.0,0.9996418
303,1.0,0.99963903
304,1.0,0.99999964
305,1.0,1.0
306,1.0,0.9943546
307,1.0,0.9999443
308,1.0,1.0
309,1.0,0.90421903
310,1.0,0.9999794
311,1.0,0.8069433
312,1.0,0.9999994
313,1.0,0.99997437
314,1.0,0.99562776
315,1.0,0.74611497
316,1.0,0.9985807
317,1.0,1.0
318,1.0,0.9999999
319,1.0,1.0
320,1.0,0.9803562
321,1.0,0.99994206
322,1.0,0.9999975
323,1.0,1.0
324,1.0,0.9860805
325,1.0,0.9999987
326,1.0,1.0
327,1.0,1.0
328,1.0,0.9998311
329,1.0,0.99996495
330,1.0,0.99999976
331,1.0,0.9999931
332,1.0,0.9999988
333,1.0,1.0
334,1.0,0.9962942
335,1.0,0.9738332
336,1.0,0.99999964
337,1.0,0.6869181
338,1.0,0.99999225
339,1.0,0.99993896
340,1.0,0.9999863
341,1.0,0.99997795
342,1.0,0.9999715
343,1.0,0.9999989
344,1.0,1.0
345,1.0,0.99999964
346,1.0,0.99999976
347,1.0,0.99981016
348,1.0,1.0
349,1.0,0.99950397
350,1.0,0.9999175
351,1.0,0.99997437
352,1.0,0.9996939
353,1.0,1.0
354,1.0,0.9953436
355,1.0,0.99776316
356,1.0,1.0
357,1.0,0.99999976
358,1.0,0.9999999
359,1.0,1.0
360,1.0,0.9998746
361,1.0,0.999894
362,1.0,0.99957126
363,1.0,1.0
364,1.0,0.9996068
365,1.0,0.9614368
366,1.0,0.9996234
367,1.0,1.0
368,1.0,0.99999285
369,1.0,1.0
370,1.0,0.99999285
371,1.0,1.0
372,1.0,0.9999471
373,1.0,0.9999999
374,1.0,0.9911809
375,1.0,0.9943189
376,1.0,0.9999554
377,1.0,0.9998517
378,1.0,0.9608321
379,1.0,0.9999887
380,1.0,0.99999917
381,1.0,0.9999995
382,1.0,0.9999919
383,1.0,1.0
384,1.0,0.93725055
385,1.0,0.9999865
386,1.0,1.0
387,1.0,0.8911427
388,1.0,1.0
389,1.0,0.7445777
390,1.0,1.0
391,1.0,1.0
392,1.0,0.9861669
393,1.0,1.0
394,1.0,0.99999845
395,1.0,0.99999905
396,1.0,1.0
397,1.0,0.95123774
398,1.0,0.98648006
399,1.0,0.8960259
400,1.0,0.59340066
401,1.0,1.0
402,1.0,0.99999976
403,1.0,0.6367405
404,1.0,0.5185182
405,1.0,0.9998116
406,1.0,0.9999976
407,1.0,1.0
408,1.0,0.963025
409,1.0,0.99999976
410,1.0,1.0
411,1.0,0.99999964
412,1.0,0.99995565
413,1.0,1.0
414,1.0,0.9999999
415,1.0,0.9914663
416,1.0,0.9993292
417,1.0,1.0
418,1.0,0.99999046
419,1.0,1.0
420,1.0,1.0
421,1.0,0.9995478
422,1.0,0.9999933
423,1.0,0.9999999
424,1.0,0.99999726
425,1.0,0.9990521
426,1.0,0.9999999
427,1.0,0.6647104
428,1.0,0.9999777
429,1.0,1.0
430,1.0,0.95719993
431,1.0,0.9999856
432,1.0,0.7253464
433,1.0,0.9999894
434,1.0,0.99998844
435,1.0,0.99480635
436,1.0,1.0
437,1.0,0.99988997
438,1.0,0.9999995
439,1.0,0.99999726
440,1.0,0.99998236
441,1.0,0.9882691
442,1.0,0.86308485
443,1.0,1.0
444,1.0,1.0
445,1.0,1.0
446,1.0,0.9999999
447,1.0,0.9999107
448,1.0,0.99501
449,1.0,0.9872924
450,1.0,0.9907402
451,1.0,1.0
452,1.0,0.9999107
453,1.0,0.9999994
454,1.0,1.0
455,1.0,0.8925045
456,1.0,1.0
457,1.0,1.0
458,1.0,1.0
459,1.0,1.0
460,1.0,0.9999423
461,1.0,0.9997532
462,1.0,1.0
463,1.0,0.99989486
464,1.0,0.999972
465,1.0,0.973431
466,1.0,0.9999993
467,1.0,1.0
468,1.0,0.9430554
469,1.0,0.9999999
470,1.0,1.0
471,1.0,0.9999652
472,1.0,1.0
473,1.0,0.97493637
474,1.0,0.9346967
475,1.0,0.91693336
476,1.0,0.56713307
477,1.0,0.9999832
478,1.0,0.9999989
479,1.0,1.0
480,1.0,0.99999917
481,1.0,0.9512376
482,1.0,0.9962877
483,1.0,0.9999864
484,1.0,1.0
485,1.0,0.9994106
486,1.0,0.99432266
487,1.0,1.0
488,1.0,0.9999864
489,1.0,0.99989474
490,1.0,0.99993527
491,1.0,0.99999607
492,1.0,1.0
493,1.0,0.9995765
494,1.0,0.57733953
495,1.0,0.9727916
496,1.0,0.9994948
497,1.0,1.0
498,1.0,0.89157075
499,1.0,0.97240156
500,1.0,0.9997775
501,1.0,0.99931204
502,1.0,1.0
503,1.0,0.99992895
504,1.0,0.9985978
505,1.0,1.0
506,1.0,0.9939598
507,1.0,0.9999608
508,1.0,1.0
509,1.0,1.0
510,1.0,1.0
511,1.0,0.98171955
512,1.0,1.0
513,1.0,0.5381002
514,1.0,0.9999974
515,1.0,1.0
516,1.0,1.0
517,1.0,0.9999988
518,1.0,0.9097277
519,1.0,0.8057984
520,1.0,0.9464613
521,1.0,0.8023788
522,1.0,0.99993134
523,1.0,1.0
524,1.0,1.0
525,1.0,0.9999099
526,1.0,0.69532406
527,1.0,1.0
528,1.0,0.9999906
529,1.0,0.99985206
530,1.0,0.9859654
531,1.0,0.9062219
532,1.0,0.99999964
533,1.0,1.0
534,1.0,0.97302204
535,1.0,0.99999034
536,1.0,1.0
537,1.0,1.0
538,1.0,1.0
539,1.0,0.9994147
540,1.0,0.99999535
541,1.0,0.9999999
542,1.0,1.0
543,1.0,0.99765944
544,1.0,0.99839646
545,1.0,1.0
546,1.0,1.0
547,1.0,0.99999785
548,1.0,0.99999607
549,1.0,0.9999976
550,1.0,1.0
551,1.0,1.0
552,1.0,0.99999654
553,1.0,0.84234095
554,1.0,0.9999894
555,1.0,0.9990821
556,1.0,0.9820504
557,1.0,1.0
558,1.0,1.0
559,1.0,0.99087626
560,1.0,0.9994735
561,1.0,1.0
562,1.0,0.9992028
563,1.0,0.93146384
564,1.0,1.0
565,1.0,0.994372
566,1.0,0.99959725
567,1.0,0.98884785
568,1.0,0.9986626
569,1.0,0.9944542
570,1.0,0.9999732
571,1.0,0.9999591
572,1.0,0.68761903
573,1.0,0.9994332
574,1.0,0.9999988
575,1.0,0.9897741
576,1.0,0.9999989
577,1.0,1.0
578,1.0,0.9990289
579,1.0,0.99999905
580,1.0,0.62719333
581,1.0,1.0
582,1.0,0.9999999
583,1.0,0.9797977
584,1.0,1.0
585,1.0,0.99999905
586,1.0,0.99986386
587,1.0,0.9999995
588,1.0,0.99714905
589,1.0,1.0
590,1.0,0.9998074
591,1.0,0.99973065
592,1.0,1.0
593,1.0,0.942407
594,1.0,1.0
595,1.0,0.99997866
596,1.0,0.9997589
597,1.0,0.9999527
598,1.0,0.99473083
599,1.0,0.9999999
600,1.0,0.9828044
601,0.0,1.0
602,0.0,0.9999944
603,0.0,1.0
604,0.0,0.9998851
605,0.0,0.99999225
606,0.0,0.9999994
607,0.0,1.0
608,0.0,1.0
609,0.0,0.99999654
610,0.0,0.99999154
611,0.0,0.9999995
612,0.0,0.99999535
613,0.0,0.99998474
614,0.0,0.9999999
615,0.0,1.0
616,0.0,1.0
617,0.0,1.0
618,0.0,0.9999782
619,0.0,0.9998889
620,0.0,0.99999976
621,0.0,1.0
622,0.0,0.9999398
623,0.0,0.9999988
624,0.0,1.0
625,0.0,0.99999905
626,0.0,0.99990106
627,0.0,0.9999856
628,0.0,0.9999995
629,0.0,1.0
630,0.0,0.9999995
631,0.0,1.0
632,0.0,0.9970139
633,0.0,0.99998605
634,0.0,0.99960905
635,0.0,0.99999976
636,0.0,0.9997607
637,0.0,0.9999925
638,0.0,0.9997656
639,0.0,0.9997626
640,0.0,1.0
641,0.0,0.99997175
642,0.0,1.0
643,0.0,0.9999846
644,0.0,0.99999535
645,0.0,0.9999869
646,0.0,1.0
647,0.0,0.9999962
648,0.0,0.9999999
649,0.0,0.9999833
650,0.0,1.0
651,0.0,0.9997719
652,0.0,1.0
653,0.0,0.999463
654,0.0,0.9999871
655,0.0,1.0
656,0.0,0.99993503
657,0.0,0.99997187
658,0.0,1.0
659,0.0,1.0
660,0.0,0.99999976
661,0.0,0.9999993
662,0.0,0.9999962
663,0.0,0.9999993
664,0.0,0.9999851
665,0.0,0.99980634
666,0.0,0.9999932
667,0.0,0.9899267
668,0.0,1.0
669,0.0,0.9998173
670,0.0,0.9999995
671,0.0,1.0
672,0.0,0.99999833
673,0.0,0.9999999
674,0.0,1.0
675,0.0,1.0
676,0.0,0.9999325
677,0.0,0.9999933
678,0.0,0.9999957
679,0.0,0.9999523
680,0.0,1.0
681,0.0,0.9999999
682,0.0,1.0
683,0.0,0.9999877
684,0.0,0.99999976
685,0.0,0.99852246
686,0.0,0.99999225
687,0.0,1.0
688,0.0,0.9977344
689,0.0,0.99998355
690,0.0,0.9999317
691,0.0,1.0
692,0.0,0.9999436
693,0.0,0.9999968
694,0.0,0.9999881
695,0.0,0.9835247
696,0.0,0.9999943
697,0.0,0.9999893
698,0.0,0.99989724
699,0.0,0.9999093
700,0.0,0.99999344
701,0.0,0.9999933
702,0.0,0.9999994
703,0.0,0.9999
704,0.0,0.9999999
705,0.0,0.9979134
706,0.0,0.9991097
707,0.0,1.0
708,0.0,0.99942267
709,0.0,1.0
710,0.0,0.999998
711,0.0,1.0
712,0.0,0.99995315
713,0.0,1.0
714,0.0,1.0
715,0.0,0.99985766
716,0.0,1.0
717,0.0,1.0
718,0.0,0.99999976
719,0.0,1.0
720,0.0,0.999887
721,0.0,0.98837495
722,0.0,1.0
723,0.0,0.9999999
724,0.0,0.99998105
725,0.0,0.99999905
726,0.0,0.99999964
727,0.0,0.99999976
728,0.0,0.99999917
729,0.0,0.9360867
730,0.0,0.9999453
731,0.0,0.9999988
732,0.0,0.9998945
733,0.0,0.99998295
734,0.0,1.0
735,0.0,0.99989843
736,0.0,0.9999964
737,0.0,1.0
738,0.0,0.7728173
739,0.0,1.0
740,0.0,0.99999666
741,0.0,1.0
742,0.0,0.99993503
743,0.0,0.99997187
744,0.0,0.9998072
745,0.0,0.99919504
746,0.0,0.99999297
747,0.0,1.0
748,0.0,1.0
749,0.0,1.0
750,0.0,0.9992932
751,0.0,0.9982216
752,0.0,0.9999924
753,0.0,0.9999534
754,0.0,0.9999999
755,0.0,1.0
756,0.0,0.999997
757,0.0,0.99980146
758,0.0,0.9999685
759,0.0,1.0
760,0.0,0.999987
761,0.0,1.0
762,0.0,0.99999976
763,0.0,0.9998141
764,0.0,0.99999547
765,0.0,0.99999964
766,0.0,0.9999913
767,0.0,1.0
768,0.0,0.99996936
769,0.0,0.9996997
770,0.0,0.99915504
771,0.0,0.97832274
772,0.0,0.99999976
773,0.0,1.0
774,0.0,0.99996984
775,0.0,0.99999976
776,0.0,1.0
777,0.0,0.9999367
778,0.0,1.0
779,0.0,1.0
780,0.0,0.99999654
781,0.0,0.99999857
782,0.0,0.9999931
783,0.0,0.99896014
784,0.0,1.0
785,0.0,1.0
786,0.0,0.9999999
787,0.0,0.99756134
788,0.0,0.9999944
789,0.0,1.0
790,0.0,0.99998605
791,0.0,0.99904305
792,0.0,0.9998503
793,0.0,1.0
794,0.0,1.0
795,0.0,0.99996305
796,0.0,0.99999535
797,0.0,0.9999988
798,0.0,1.0
799,0.0,0.9954383
800,0.0,0.9999912
801,0.0,0.9999846
802,0.0,0.9999994
803,0.0,0.9984994
804,0.0,0.9999993
805,0.0,0.99935645
806,0.0,0.99847764
807,0.0,0.9999943
808,0.0,0.9999827
809,0.0,1.0
810,0.0,0.9997329
811,0.0,1.0
812,0.0,0.99978656
813,0.0,1.0
814,0.0,0.99717474
815,0.0,0.9997304
816,0.0,0.9994691
817,0.0,1.0
818,0.0,0.9999995
819,0.0,1.0
820,0.0,1.0
821,0.0,0.9999988
822,0.0,1.0
823,0.0,0.99968255
824,0.0,0.99747914
825,0.0,0.9999764
826,0.0,0.9999838
827,0.0,0.99999475
828,0.0,0.9998759
829,0.0,1.0
830,0.0,1.0
831,0.0,0.9997334
832,0.0,1.0
833,0.0,0.9996094
834,0.0,0.99939656
835,0.0,0.9998616
836,0.0,1.0
837,0.0,0.9995646
838,0.0,0.9998172
839,0.0,0.99968827
840,0.0,0.9998406
841,0.0,1.0
842,0.0,1.0
843,0.0,0.999998
844,0.0,0.9999387
845,0.0,1.0
846,0.0,0.9988142
847,0.0,1.0
848,0.0,1.0
849,0.0,0.99999976
850,0.0,1.0
851,0.0,0.99943763
852,0.0,0.9990037
853,0.0,1.0
854,0.0,0.9999864
855,0.0,0.9999707
856,0.0,0.99944216
857,0.0,0.99999976
858,0.0,0.9999645
859,0.0,0.9999862
860,0.0,1.0
861,0.0,1.0
862,0.0,1.0
863,0.0,1.0
864,0.0,0.99999833
865,0.0,0.98758274
866,0.0,0.99999964
867,0.0,1.0
868,0.0,0.99999976
869,0.0,1.0
870,0.0,1.0
871,0.0,1.0
872,0.0,0.9999988
873,0.0,1.0
874,0.0,0.9998896
875,0.0,0.9999999
876,0.0,0.9999486
877,0.0,0.9999999
878,0.0,0.9997876
879,0.0,1.0
880,0.0,1.0
881,0.0,1.0
882,0.0,0.999882
883,0.0,1.0
884,0.0,1.0
885,0.0,0.99999905
886,0.0,0.9999968
887,0.0,0.99999857
888,0.0,1.0
889,0.0,0.9997893
890,0.0,0.9990546
891,0.0,0.99987674
892,0.0,0.99999845
893,0.0,0.999997
894,0.0,1.0
895,0.0,0.99999964
896,0.0,1.0
897,0.0,1.0
898,0.0,1.0
899,0.0,1.0
900,0.0,0.9999982
901,0.0,1.0
902,0.0,0.9997402
903,0.0,0.99979347
904,0.0,0.9999863
905,0.0,1.0
906,0.0,0.9999999
907,0.0,0.9998103
908,0.0,0.9999969
909,0.0,0.9999995
910,0.0,0.9999465
911,0.0,0.9985347
912,0.0,0.99793637
913,0.0,0.9995751
914,0.0,1.0
915,0.0,0.9999019
916,0.0,0.9999697
917,0.0,1.0
918,0.0,0.9999987
919,0.0,0.99814963
920,0.0,0.999987
921,0.0,0.9999622
922,0.0,1.0
923,0.0,1.0
924,0.0,0.99999833
925,0.0,0.9996588
926,0.0,0.9999994
927,0.0,0.99999166
928,0.0,0.99878603
929,0.0,0.9999975
930,0.0,1.0
931,0.0,0.99999976
932,0.0,0.9999889
933,0.0,0.99999976
934,0.0,0.99999976
935,0.0,0.99991727
936,0.0,1.0
937,0.0,0.9999999
938,0.0,0.9999987
939,0.0,0.9998522
940,0.0,0.9991273
941,0.0,0.9999715
942,0.0,0.9999713
943,0.0,0.99998236
944,0.0,1.0
945,0.0,0.9982364
946,0.0,1.0
947,0.0,0.9999893
948,0.0,0.9982521
949,0.0,0.9999931
950,0.0,0.99999416
951,0.0,1.0
952,0.0,0.99997747
953,0.0,0.9999267
954,0.0,0.9997441
955,0.0,0.99999774
956,0.0,1.0
957,0.0,0.99999964
958,0.0,0.9999999
959,0.0,1.0
960,0.0,0.9999999
961,0.0,0.9993436
962,0.0,0.9999342
963,0.0,0.99999714
964,0.0,0.9999999
965,0.0,0.9999994
966,0.0,0.98390806
967,0.0,0.99917245
968,0.0,1.0
969,0.0,0.99971515
970,0.0,0.99973243
971,0.0,1.0
972,0.0,0.9999957
973,0.0,1.0
974,0.0,0.99999714
975,0.0,0.99922
976,0.0,1.0
977,0.0,1.0
978,0.0,1.0
979,0.0,0.99999976
980,0.0,0.999998
981,0.0,0.99999714
982,0.0,1.0
983,0.0,0.99992335
984,0.0,0.99999845
985,0.0,0.83867604
986,0.0,0.99999464
987,0.0,0.99999976
988,0.0,0.99995875
989,0.0,0.9997589
990,0.0,1.0
991,0.0,0.9999912
992,0.0,0.99970067
993,0.0,0.999729
994,0.0,0.9999995
995,0.0,0.9950105
996,0.0,1.0
997,0.0,0.9999882
998,0.0,0.999992
999,0.0,1.0
1000,0.0,0.9999999
1001,0.0,0.9999851
1002,0.0,1.0
1003,0.0,0.9994566
1004,0.0,1.0
1005,0.0,0.99840206
1006,0.0,0.998872
1007,0.0,0.9998343
1008,0.0,0.9996171
1009,0.0,0.99728787
1010,0.0,0.99987316
1011,0.0,0.9999989
1012,0.0,0.9999572
1013,0.0,0.9984458
1014,0.0,0.9957604
1015,0.0,1.0
1016,0.0,0.99925166
1017,0.0,0.99997973
1018,0.0,0.99995947
1019,0.0,0.99978906
1020,0.0,0.9996959
1021,0.0,1.0
1022,0.0,1.0
1023,0.0,0.99914277
1024,0.0,0.99997175
1025,0.0,0.9999956
1026,0.0,0.9999976
1027,0.0,1.0
1028,0.0,0.9998859
1029,0.0,0.99967015
1030,0.0,1.0
1031,0.0,0.99996996
1032,0.0,0.9962612
1033,0.0,0.99999976
1034,0.0,0.9999889
1035,0.0,0.9999956
1036,0.0,0.99918514
1037,0.0,1.0
1038,0.0,0.9996445
1039,0.0,0.99999774
1040,0.0,1.0
1041,0.0,0.9994172
1042,0.0,1.0
1043,0.0,0.9999038
1044,0.0,0.920778
1045,0.0,0.9998247
1046,0.0,0.9999989
1047,0.0,0.9999385
1048,0.0,0.9876266
1049,0.0,0.9999783
1050,0.0,0.99903595
1051,0.0,0.99994886
1052,0.0,0.9999982
1053,0.0,0.9999893
1054,0.0,0.99945194
1055,0.0,1.0
1056,0.0,0.99992466
1057,0.0,0.99955004
1058,0.0,0.9996804
1059,0.0,0.99999094
1060,0.0,1.0
1061,0.0,0.99999976
1062,0.0,0.99918073
1063,0.0,0.9998808
1064,0.0,0.99997604
1065,0.0,0.9852255
1066,0.0,0.9999217
1067,0.0,0.9999995
1068,0.0,0.99903095
1069,0.0,1.0
1070,0.0,1.0
1071,0.0,0.9999919
1072,0.0,1.0
1073,0.0,1.0
1074,0.0,1.0
1075,0.0,1.0
1076,0.0,0.9999988
1077,0.0,0.99636865
1078,0.0,0.9999999
1079,0.0,0.99999845
1080,0.0,0.9999987
1081,0.0,0.9999999
1082,0.0,1.0
1083,0.0,0.9997632
1084,0.0,1.0
1085,0.0,1.0
1086,0.0,1.0
1087,0.0,0.9999969
1088,0.0,0.9999968
1089,0.0,0.9999999
1090,0.0,1.0
1091,0.0,0.9999999
1092,0.0,0.99999976
1093,0.0,1.0
1094,0.0,0.999874
1095,0.0,0.9999051
1096,0.0,1.0
1097,0.0,1.0
1098,0.0,0.99999845
1099,0.0,0.999676
1100,0.0,0.9999999
1101,0.0,0.99999905
1102,0.0,1.0
1103,0.0,0.99998283
1104,0.0,0.9999999
1105,0.0,0.9999999
1106,0.0,0.9999969
1107,0.0,0.9999987
1108,0.0,1.0
1109,0.0,0.9993845
1110,0.0,1.0
1111,0.0,1.0
1112,0.0,0.9998006
1113,0.0,1.0
1114,0.0,0.99932885
1115,0.0,1.0
1116,0.0,0.9999995
1117,0.0,0.99998903
1118,0.0,0.99918586
1119,0.0,0.99999857
1120,0.0,0.9994999
1121,0.0,0.9999999
1122,0.0,1.0
1123,0.0,0.99989307
1124,0.0,0.9995722
1125,0.0,0.99999976
1126,0.0,0.9999993
1127,0.0,1.0
1128,0.0,1.0
1129,0.0,0.9999893
1130,0.0,0.99999976
1131,0.0,0.9996195
1132,0.0,0.9978124
1133,0.0,0.9999938
1134,0.0,0.99999726
1135,0.0,1.0
1136,0.0,0.99999976
1137,0.0,1.0
1138,0.0,1.0
1139,0.0,1.0
1140,0.0,0.9999914
1141,0.0,0.99999785
1142,0.0,0.9999995
1143,0.0,0.99888855
1144,0.0,0.9999963
1145,0.0,0.9999995
1146,0.0,1.0
1147,0.0,1.0
1148,0.0,0.9999876
1149,0.0,0.9999094
1150,0.0,1.0
1151,0.0,0.9996543
1152,0.0,1.0
1153,0.0,0.99962115
1154,0.0,1.0
1155,0.0,0.99993026
1156,0.0,0.9998627
1157,0.0,0.9988871
1158,0.0,0.9999988
1159,0.0,0.99999976
1160,0.0,0.9655457
1161,0.0,0.99827826
1162,0.0,0.9999573
1163,0.0,1.0
1164,0.0,0.994899
1165,0.0,0.99982053
1166,0.0,0.99923587
1167,0.0,0.99999976
1168,0.0,0.9999999
1169,0.0,0.9999995
1170,0.0,0.9999999
1171,0.0,1.0
1172,0.0,0.99999976
1173,0.0,0.9999809
1174,0.0,0.9999707
1175,0.0,0.9999167
1176,0.0,0.99999714
1177,0.0,0.9999616
1178,0.0,0.9999999
1179,0.0,1.0
1180,0.0,0.99999905
1181,0.0,0.9972307
1182,0.0,0.99998677
1183,0.0,0.94722784
1184,0.0,1.0
1185,0.0,0.99999535
1186,0.0,0.99999976
1187,0.0,0.9999808
1188,0.0,0.9999926
1189,0.0,0.9999883
1190,0.0,1.0
1191,0.0,0.99855083
1192,0.0,0.9997799
1193,0.0,1.0
1194,0.0,0.99973434
1195,0.0,0.9999999
1196,0.0,0.9998963
1197,0.0,0.99998844
1198,0.0,0.99999976
1199,0.0,1.0
1200,0.0,1.0
1201,0.0,0.9996748
1202,0.0,0.9997687
1203,0.0,0.99991333
1204,0.0,0.9999999
1205,0.0,0.9999981
1206,0.0,0.9999999
1207,0.0,1.0
1208,0.0,0.99839205
1209,0.0,1.0
1210,0.0,0.99816316
1211,0.0,0.9999999
1212,0.0,0.9999666
1213,0.0,0.9999999
1214,0.0,1.0
1215,0.0,0.9947785
1216,0.0,1.0
1217,0.0,0.99999774
1218,0.0,1.0
1219,0.0,0.9999982
1220,0.0,1.0
1221,0.0,0.9999995
1222,0.0,1.0
1223,0.0,0.9998826
1224,0.0,0.9999987
1225,0.0,0.99999547
1226,0.0,1.0
1227,0.0,0.9999764
1228,0.0,0.9999559
1229,0.0,0.9998541
1230,0.0,1.0
1231,0.0,0.9999924
1232,0.0,0.99998236
1233,0.0,0.99967337
1234,0.0,0.99918
1235,0.0,0.99917716
1236,0.0,0.99976534
1237,0.0,1.0
1238,0.0,1.0
1239,0.0,0.99999475
1240,0.0,0.9984149
1241,0.0,1.0
1242,0.0,0.9999999
1243,0.0,0.99996746
1244,0.0,0.99839634
1245,0.0,0.99959725
1246,0.0,0.9999974
1247,0.0,0.9999999
1248,0.0,0.9999988
1249,0.0,0.99712676
1250,0.0,0.99999714
1251,0.0,0.99999535
1252,0.0,0.99992347
1253,0.0,0.9995277
1254,0.0,0.9999727
1255,0.0,0.99997807
1256,0.0,0.999997
1257,0.0,0.9998211
1258,0.0,0.9998553
1259,0.0,0.9999672
1260,0.0,0.9999622
1261,0.0,1.0
1262,0.0,1.0
1263,0.0,0.99999976
1264,0.0,0.9999691
1265,0.0,0.9999964
1266,0.0,0.9999999
1267,0.0,0.9999988
1268,0.0,1.0
1269,0.0,1.0
1270,0.0,0.99999344
1271,0.0,0.99816257
1272,0.0,1.0
1273,0.0,0.9999404
1274,0.0,0.99989617
1275,0.0,1.0
1276,0.0,0.99600154
1277,0.0,0.99841523
1278,0.0,0.9997985
1279,0.0,0.9992818
1280,0.0,0.9994398
1281,0.0,0.99999964
1282,0.0,0.9999994
1283,0.0,0.99999726
1284,0.0,0.9999999
1285,0.0,0.99999607
1286,0.0,0.99993813
1287,0.0,0.9989768
1288,0.0,0.9995227
1289,0.0,0.99999547
1290,0.0,0.9998692
1291,0.0,1.0
1292,0.0,0.9999074
1293,0.0,1.0
1294,0.0,0.9999925
1295,0.0,0.9999925
1296,0.0,0.9999999
1297,0.0,0.99998915
1298,0.0,1.0
1299,0.0,0.9914648
1300,0.0,0.99989533
1301,0.0,0.9974806
1302,0.0,0.9999969
1303,0.0,0.9999974
1304,0.0,0.99996173
1305,0.0,0.9999856
1306,0.0,1.0
1307,0.0,0.9999989
1308,0.0,0.99987364
1309,0.0,0.9989937
1310,0.0,0.9999999
1311,0.0,0.9992384
1312,0.0,0.9947831
1313,0.0,0.998558
1314,0.0,0.99997985
1315,0.0,1.0
1316,0.0,1.0
1317,0.0,0.9999851
1318,0.0,0.9973827
1319,0.0,0.9999682
1320,0.0,0.9999999
1321,0.0,1.0
1322,0.0,0.9999995
1323,0.0,0.99996936
1324,0.0,0.9999999
1325,0.0,0.9999857
1326,0.0,1.0
1327,0.0,0.9999999
1328,0.0,0.9999919
1329,0.0,1.0
1330,0.0,0.9999999
1331,0.0,0.9999405
1332,0.0,1.0
1333,0.0,0.9969484
1334,0.0,0.9999999
1335,0.0,0.9999858
1336,0.0,1.0
1337,0.0,0.99996257
1338,0.0,0.99999046
1339,0.0,0.9996836
1340,0.0,0.99999976
1341,0.0,0.9999987
1342,0.0,0.999987
1343,0.0,0.99385566
1344,0.0,0.9999999
1345,0.0,0.99942833
1346,0.0,0.9999535
1347,0.0,0.99999905
1348,0.0,1.0
1349,0.0,0.9999949
1350,0.0,0.9995796
1351,0.0,0.999587
1352,0.0,0.9999101
1353,0.0,0.9999342
1354,0.0,0.9999994
1355,0.0,0.9999771
1356,0.0,0.999997
1357,0.0,0.9999995
1358,0.0,1.0
1359,0.0,1.0
1360,0.0,1.0
1361,0.0,0.99972516
1362,0.0,0.9803007
1363,0.0,0.9999589
1364,0.0,0.99999106
1365,0.0,0.9999893
1366,0.0,0.9999994
1367,0.0,1.0
1368,0.0,0.99999416
1369,0.0,0.99998045
1370,0.0,0.99996376
1371,0.0,1.0
1372,0.0,0.99974126
1373,0.0,1.0
1374,0.0,0.99999714
1375,0.0,1.0
1376,0.0,0.99997306
1377,0.0,0.99971265
1378,0.0,0.9999759
1379,0.0,1.0
1380,0.0,0.98726416
1381,0.0,0.9991541
1382,0.0,1.0
1383,0.0,1.0
1384,0.0,0.99999976
1385,0.0,0.9999999
1386,0.0,1.0
1387,0.0,1.0
1388,0.0,0.999964
1389,0.0,0.99773455
1390,0.0,0.9999995
1391,0.0,0.99999976
1392,0.0,0.99984586
1393,0.0,1.0
1394,0.0,0.99999964
1395,0.0,0.9999999
1396,0.0,0.99999774
1397,0.0,0.99999654
1398,0.0,1.0
1399,0.0,1.0
1400,0.0,0.99999905
1401,0.0,1.0
1402,0.0,0.99999976
1403,0.0,1.0
1404,0.0,1.0
1405,0.0,1.0
1406,0.0,0.999979
1407,0.0,1.0
1408,0.0,0.99981934
1409,0.0,0.99999845
1410,0.0,0.9999999
1411,0.0,1.0
1412,0.0,1.0
1413,0.0,0.999984
1414,0.0,0.9999584
1415,0.0,0.99965966
1416,0.0,1.0
1417,0.0,0.9999448
1418,0.0,0.9999981
1419,0.0,1.0
1420,0.0,0.9999889
1421,0.0,0.9999217
1422,0.0,0.9999733
1423,0.0,0.9997719
1424,0.0,0.9628694
1425,0.0,1.0
1426,0.0,0.99999964
1427,0.0,0.9997701
1428,0.0,1.0
1429,0.0,0.99827075
1430,0.0,0.9999199
1431,0.0,0.99999464
1432,0.0,0.9999378
1433,0.0,0.9991534
1434,0.0,0.99976236
1435,0.0,0.99957997
1436,0.0,1.0
1437,0.0,1.0
1438,0.0,0.9993124
1439,0.0,0.99999905
1440,0.0,0.99984646
1441,0.0,0.99999034
1442,0.0,0.9999999
1443,0.0,0.99999917
1444,0.0,1.0
1445,0.0,0.9997578
1446,0.0,1.0
1447,0.0,1.0
1448,0.0,0.99999857
1449,0.0,0.9999839
1450,0.0,0.9999951
1451,0.0,0.9998919
1452,0.0,0.99999774
1453,0.0,0.99998724
1454,0.0,0.9997279
1455,0.0,0.9999999
1456,0.0,1.0
1457,0.0,0.9999025
1458,0.0,1.0
1459,0.0,0.9988557
1460,0.0,0.99988484
1461,0.0,0.99902534
1462,0.0,0.99999976
1463,0.0,0.99998736
1464,0.0,0.9988701
1465,0.0,0.99999976
1466,0.0,0.99999774
1467,0.0,0.9978909
1468,0.0,0.9999999
1469,0.0,0.99999917
1470,0.0,0.999998
1471,0.0,1.0
1472,0.0,0.9981639
1473,0.0,0.9999999
1474,0.0,0.999984
1475,0.0,0.9999851
1476,0.0,0.9999999
1477,0.0,1.0
1478,0.0,0.9999908
1479,0.0,0.99988186
1480,0.0,0.9999994
1481,0.0,0.99999976
1482,0.0,1.0
1483,0.0,0.9992834
1484,0.0,0.9957048
1485,0.0,0.99968076
1486,0.0,1.0
1487,0.0,0.99999225
1488,0.0,0.9999329
1489,0.0,1.0
1490,0.0,0.99985206
1491,0.0,0.99986863
1492,0.0,0.99537116
1493,0.0,0.99995005
1494,0.0,0.99999356
1495,0.0,1.0
1496,0.0,0.9978144
1497,0.0,0.99998343
1498,0.0,0.9999999
1499,0.0,0.9998653
1500,0.0,0.99999833
1501,0.0,1.0
1502,0.0,0.9991947
1503,0.0,1.0
1504,0.0,0.999933
1505,0.0,0.99999857
1506,0.0,0.99999356
1507,0.0,0.9999639
1508,0.0,0.99966216
1509,0.0,0.9999329
1510,0.0,1.0
1511,0.0,1.0
1512,0.0,0.99847144
1513,0.0,0.99073046
1514,0.0,0.99997437
1515,0.0,0.9993401
1516,0.0,0.9998294
1517,0.0,1.0
1518,0.0,0.99981564
1519,0.0,0.9999974
1520,0.0,0.9998661
1521,0.0,0.9999981
1522,0.0,0.99999166
1523,0.0,0.99997723
1524,0.0,0.99999917
1525,0.0,0.9995695
1526,0.0,1.0
1527,0.0,0.9999912
1528,0.0,0.99988294
1529,0.0,1.0
1530,0.0,1.0
1531,0.0,0.9997198
1532,0.0,1.0
1533,0.0,0.99994123
1534,0.0,0.9999927
1535,0.0,0.9993418
1536,0.0,0.9994823
1537,0.0,1.0
1538,0.0,0.9986652
1539,0.0,0.99937266
1540,0.0,0.99999774
1541,0.0,0.99993455
1542,0.0,1.0
1543,0.0,0.99999976
1544,0.0,1.0
1545,0.0,0.9999993
1546,0.0,0.99848086
1547,0.0,1.0
1548,0.0,0.99984145
1549,0.0,0.999967
1550,0.0,0.9999999
1551,0.0,1.0
1552,0.0,0.9999956
1553,0.0,0.99999917
1554,0.0,1.0
1555,0.0,1.0
1556,0.0,0.99998283
1557,0.0,0.9999273
1558,0.0,0.99949443
1559,0.0,0.99999046
1560,0.0,1.0
1561,0.0,0.9996803
1562,0.0,1.0
1563,0.0,0.99999857
1564,0.0,0.9999999
1565,0.0,1.0
1566,0.0,0.99978
1567,0.0,1.0
1568,0.0,0.99999714
1569,0.0,1.0
1570,0.0,0.9999999
1571,0.0,0.99998105
1572,0.0,0.9999043
1573,0.0,1.0
1574,0.0,1.0
1575,0.0,1.0
1576,0.0,0.9955422
1577,0.0,0.99998844
1578,0.0,0.999686
1579,0.0,0.99577564
1580,0.0,0.99936694
1581,0.0,1.0
1582,0.0,0.99999094
1583,0.0,0.99999654
1584,0.0,1.0
1585,0.0,1.0
1586,0.0,1.0
1587,0.0,0.99999976
1588,0.0,1.0
1589,0.0,1.0
1590,0.0,0.9999995
1591,0.0,0.9999908
1592,0.0,1.0
1593,0.0,0.99988806
1594,0.0,0.9969381
1595,0.0,1.0
1596,0.0,1.0
1597,0.0,0.9999995
1598,0.0,1.0
1599,0.0,0.99996257
1600,0.0,1.0
1601,0.0,0.99999964
1602,0.0,0.99999964
1603,0.0,0.9999807
1604,0.0,1.0
1605,0.0,1.0
1606,0.0,1.0
1607,0.0,0.99929667
1608,0.0,1.0
1609,0.0,0.9999999
1610,0.0,1.0
1611,0.0,0.9999641
1612,0.0,0.99980325
1613,0.0,0.9999999
1614,0.0,0.99683714
1615,0.0,0.9992582
1616,0.0,0.99998176
1617,0.0,0.9998803
1618,0.0,0.99971443
1619,0.0,0.9999999
1620,0.0,0.99398935
1621,0.0,0.99999213
1622,0.0,0.9999883
1623,0.0,1.0
1624,0.0,0.9999261
1625,0.0,0.9999883
1626,0.0,0.9940817
1627,0.0,0.9996947
1628,0.0,0.99999976
1629,0.0,1.0
1630,0.0,1.0
1631,0.0,0.9999825
1632,0.0,0.9999902
1633,0.0,1.0
1634,0.0,1.0
1635,0.0,0.99998736
1636,0.0,0.9999999
1637,0.0,0.9999858
1638,0.0,0.9999999
1639,0.0,1.0
1640,0.0,0.9994049
1641,0.0,0.9997453
1642,0.0,1.0
1643,0.0,0.99999
1644,0.0,0.99999905
1645,0.0,1.0
1646,0.0,0.99992895
1647,0.0,0.9990908
1648,0.0,0.99984264
1649,0.0,1.0
1650,0.0,0.9999969
1651,0.0,0.9981888
1652,0.0,1.0
1653,0.0,1.0
1654,0.0,0.9992955
1655,0.0,0.9998049
1656,0.0,0.99980336
1657,0.0,1.0
1658,0.0,1.0
1659,0.0,1.0
1660,0.0,0.99970704
1661,0.0,1.0
1662,0.0,0.99999964
1663,0.0,0.9996389
1664,0.0,0.9999994
1665,0.0,0.9999995
1666,0.0,0.9999995
1667,0.0,0.99999917
1668,0.0,0.99992466
1669,0.0,0.9993426
1670,0.0,0.99999917
1671,0.0,0.9989869
1672,0.0,1.0
1673,0.0,1.0
1674,0.0,1.0
1675,0.0,0.9999999
1676,0.0,0.99993277
1677,0.0,0.99913484
1678,0.0,0.99999857
1679,0.0,0.99999917
1680,0.0,1.0
1681,0.0,1.0
1682,0.0,0.9999577
1683,0.0,0.99999976
1684,0.0,0.9999981
1685,0.0,1.0
1686,0.0,1.0
1687,0.0,0.99968636
1688,0.0,0.9998857
1689,0.0,0.9991794
1690,0.0,0.99989796
1691,0.0,0.99999976
1692,0.0,0.9999962
1693,0.0,0.99990857
1694,0.0,0.99999964
1695,0.0,1.0
1696,0.0,0.9999219
1697,0.0,0.9999914
1698,0.0,0.998621
1699,0.0,0.9999995
1700,0.0,0.9999268
1701,0.0,0.9999999
1702,0.0,1.0
1703,0.0,0.99999976
1704,0.0,0.9999521
1705,0.0,0.9998983
1706,0.0,0.9999728
1707,0.0,0.99254227
1708,0.0,0.99933225
1709,0.0,0.99996364
1710,0.0,0.9998722
1711,0.0,0.99999964
1712,0.0,0.999933
1713,0.0,0.99997604
1714,0.0,0.9984118
1715,0.0,0.9988312
1716,0.0,0.99991477
1717,0.0,0.999752
1718,0.0,0.9999995
1719,0.0,0.99966764
1720,0.0,0.9997011
1721,0.0,0.9998172
1722,0.0,1.0
1723,0.0,1.0
1724,0.0,0.9999443
1725,0.0,1.0
1726,0.0,0.9999863
1727,0.0,1.0
1728,0.0,0.99976784
1729,0.0,0.99999595
1730,0.0,0.99982506
1731,0.0,0.99021345
1732,0.0,0.9999037
1733,0.0,1.0
1734,0.0,0.97625256
1735,0.0,1.0
1736,0.0,0.99993026
1737,0.0,0.9991406
1738,0.0,0.99988115
1739,0.0,1.0
1740,0.0,0.99982303
1741,0.0,0.9976445
1742,0.0,0.9995621
1743,0.0,0.99978215
1744,0.0,0.9999999
1745,0.0,0.9978231
1746,0.0,1.0
1747,0.0,0.9999902
1748,0.0,0.99918
1749,0.0,1.0
1750,0.0,0.99924755
1751,0.0,0.9999976
1752,0.0,0.9999995
1753,0.0,0.99994195
1754,0.0,0.9998876
1755,0.0,0.99985003
1756,0.0,0.99994147
1757,0.0,0.9999813
1758,0.0,0.9999968
1759,0.0,0.9999999
1760,0.0,0.99999714
1761,0.0,0.99992025
1762,0.0,0.99999976
1763,0.0,1.0
1764,0.0,0.9999999
1765,0.0,0.9998815
1766,0.0,0.9998553
1767,0.0,0.9999993
1768,0.0,0.99999917
1769,0.0,0.9999925
1770,0.0,0.99963987
1771,0.0,0.999406
1772,0.0,0.999997
1773,0.0,0.99999833
1774,0.0,0.9999999
1775,0.0,0.9999975
1776,0.0,1.0
1777,0.0,0.99999285
1778,0.0,0.9991823
1779,0.0,1.0
1780,0.0,0.74313766
1781,0.0,0.9991748
1782,0.0,1.0
1783,0.0,0.99999976
1784,0.0,0.9999298
1785,0.0,0.99851876
1786,0.0,0.99797314
1787,0.0,0.9999999
1788,0.0,0.9999969
1789,0.0,0.9999752
1790,0.0,0.99524516
1791,0.0,0.99999654
1792,0.0,0.99998605
1793,0.0,0.99991155
1794,0.0,0.99999785
1795,0.0,1.0
1796,0.0,0.99979156
1797,0.0,0.9999962
1798,0.0,0.99977154
1799,0.0,0.9999999
1800,0.0,1.0
1801,0.0,0.99924386
1802,0.0,0.9997639
1803,0.0,0.99997866
1804,0.0,1.0
1805,0.0,0.99951255
1806,0.0,0.998092
1807,0.0,0.99987376
1808,0.0,1.0
1809,0.0,1.0
1810,0.0,0.9999846
1811,0.0,1.0
1812,0.0,0.9948744
1813,0.0,0.99963903
1814,0.0,0.99960035
1815,0.0,0.9998976
1816,0.0,0.99995124
1817,0.0,0.9999957
1818,0.0,0.99993646
1819,0.0,0.99999976
1820,0.0,0.99999356
1821,0.0,0.9997105
1822,0.0,0.9999291
1823,0.0,0.99788386
1824,0.0,0.99994814
1825,0.0,0.9995571
1826,0.0,1.0
1827,0.0,0.9999405
1828,0.0,0.99999964
1829,0.0,0.9999995
1830,0.0,0.99999726
1831,0.0,0.9999999
1832,0.0,1.0
1833,0.0,1.0
1834,0.0,0.99999976
1835,0.0,0.9999969
1836,0.0,0.99999976
1837,0.0,0.9999988
1838,0.0,1.0
1839,0.0,0.9988931
1840,0.0,0.99979025
1841,0.0,1.0
1842,0.0,0.9999994
1843,0.0,0.99999976
1844,0.0,0.9999937
1845,0.0,1.0
1846,0.0,0.99999964
1847,0.0,0.99999905
1848,0.0,0.999979
1849,0.0,0.9998704
1850,0.0,0.9996885
1851,0.0,0.999985
1852,0.0,1.0
1853,0.0,0.9999621
1854,0.0,0.99999976
1855,0.0,0.9999213
1856,0.0,0.99999547
1857,0.0,0.99996984
1858,0.0,1.0
1859,0.0,0.99939954
1860,0.0,0.9999807
1861,0.0,0.99996924
1862,0.0,1.0
1863,0.0,1.0
1864,0.0,1.0
1865,0.0,0.9999249
1866,0.0,0.9999683
1867,0.0,0.99760324
1868,0.0,0.9998759
1869,0.0,0.9999938
1870,0.0,0.99927634
1871,0.0,0.9999627
1872,0.0,0.99965656
1873,0.0,1.0
1874,0.0,0.9998851
1875,0.0,0.9999999
1876,0.0,1.0
1877,0.0,0.9978824
1878,0.0,0.9999691
1879,0.0,0.9121823
1880,0.0,0.9981779
1881,0.0,0.9999881
1882,0.0,0.99999917
1883,0.0,0.9999993
1884,0.0,1.0
1885,0.0,0.9999999
1886,0.0,0.9998739
1887,0.0,0.99919885
1888,0.0,1.0
1889,0.0,0.9993729
1890,0.0,0.99999905
1891,0.0,0.99994195
1892,0.0,0.9999474
1893,0.0,0.9999999
1894,0.0,0.9999999
1895,0.0,0.9999964
1896,0.0,0.9980215
1897,0.0,0.99999785
1898,0.0,0.9997842
1899,0.0,0.99985075
1900,0.0,0.9999988
1901,0.0,0.9999075
1902,0.0,0.99999094
1903,0.0,0.9996935
1904,0.0,0.99999845
1905,0.0,1.0
1906,0.0,0.9999999
1907,0.0,0.999936
1908,0.0,0.9999689
1909,0.0,1.0
1910,0.0,0.9999534
1911,0.0,0.9998778
1912,0.0,1.0
1913,0.0,0.99999833
1914,0.0,0.872829
1915,0.0,1.0
1916,0.0,0.999984
1917,0.0,0.99991643
1918,0.0,0.9998884
1919,0.0,0.9997887
1920,0.0,1.0
1921,0.0,0.9975205
1922,0.0,0.99999976
1923,0.0,0.9991405
1924,0.0,1.0
1925,0.0,0.99999595
1926,0.0,0.99979204
1927,0.0,0.9996598
1928,0.0,0.99998057
1929,0.0,1.0
1930,0.0,1.0
1931,0.0,0.9999994
1932,0.0,0.99999976
1933,0.0,0.9990188
1934,0.0,0.999894
1935,0.0,1.0
1936,0.0,1.0
1937,0.0,1.0
1938,0.0,0.9999281
1939,0.0,1.0
1940,0.0,1.0
1941,0.0,1.0
1942,0.0,0.99999964
1943,0.0,0.99938023
1944,0.0,0.99954814
1945,0.0,1.0
1946,0.0,0.9999999
1947,0.0,0.99998033
1948,0.0,0.99998474
1949,0.0,0.999607
1950,0.0,1.0
1951,0.0,0.9990922
1952,0.0,0.9998136
1953,0.0,0.9999771
1954,0.0,1.0
1955,0.0,0.99999976
1956,0.0,0.9982161
1957,0.0,0.99999964
1958,0.0,0.9993432
1959,0.0,0.9914296
1960,0.0,0.99989545
1961,0.0,1.0
1962,0.0,0.9999919
1963,0.0,0.9999999
1964,0.0,1.0
1965,0.0,0.9999976
1966,0.0,0.99999976
1967,0.0,0.99999404
1968,0.0,0.9999634
1969,0.0,0.9988871
1970,0.0,1.0
1971,0.0,1.0
1972,0.0,0.9999988
1973,0.0,0.9951622
1974,0.0,1.0
1975,0.0,0.99942434
1976,0.0,0.9999896
1977,0.0,0.8426723
1978,0.0,0.99987257
1979,0.0,0.99999976
1980,0.0,0.9999993
1981,0.0,0.9999877
1982,0.0,0.9998454
1983,0.0,0.99985564
1984,0.0,0.99999845
1985,0.0,1.0
1986,0.0,0.99996173
1987,0.0,0.9999993
1988,0.0,0.9995426
1989,0.0,0.9998845
1990,0.0,0.99986994
1991,0.0,1.0
1992,0.0,0.99999964
1993,0.0,0.9982375
1994,0.0,0.9999876
1995,0.0,1.0
1996,0.0,0.99894756
1997,0.0,0.999572
1998,0.0,0.99999976
1999,0.0,1.0
2000,0.0,0.99997246
2001,0.0,0.99974924
2002,0.0,0.9989293
2003,0.0,0.9999857
2004,0.0,0.9992843
2005,0.0,0.99999833
2006,0.0,0.9987853
2007,0.0,1.0
2008,0.0,1.0
2009,0.0,1.0
2010,0.0,1.0
2011,0.0,0.9999993
2012,0.0,0.99998415
2013,0.0,1.0
2014,0.0,0.99979573
2015,0.0,1.0
2016,0.0,0.9988431
2017,0.0,0.9991436
2018,0.0,0.9999933
2019,0.0,1.0
2020,0.0,0.9996811
2021,0.0,0.99967027
2022,0.0,0.9999999
2023,0.0,1.0
2024,0.0,0.9999597
2025,0.0,0.9996921
2026,0.0,0.99991465
2027,0.0,0.99995327
2028,0.0,0.9999932
2029,0.0,0.99999833
2030,0.0,0.99999475
2031,0.0,0.9997794
2032,0.0,1.0
2033,0.0,1.0
2034,0.0,0.99973994
2035,0.0,0.99999523
2036,0.0,0.9999999
2037,0.0,0.99997973
2038,0.0,0.9994985
2039,0.0,1.0
2040,0.0,0.99999857
2041,0.0,1.0
2042,0.0,1.0
2043,0.0,0.99976844
2044,0.0,0.9998709
2045,0.0,0.9995915
2046,0.0,0.99999833
2047,0.0,0.9999995
2048,0.0,0.99999976
2049,0.0,0.99999917
2050,0.0,0.9999999
2051,0.0,0.9976046
2052,0.0,0.99999976
2053,0.0,1.0
2054,0.0,0.9998423
2055,0.0,1.0
2056,0.0,1.0
2057,0.0,0.99996006
2058,0.0,0.9993549
2059,0.0,0.9996313
2060,0.0,0.999997
2061,0.0,0.999987
2062,0.0,1.0
2063,0.0,0.9999509
2064,0.0,0.99996066
2065,0.0,1.0
2066,0.0,1.0
2067,0.0,1.0
2068,0.0,0.9999887
2069,0.0,0.9997937
2070,0.0,0.99988973
2071,0.0,0.99996924
2072,0.0,1.0
2073,0.0,0.9999995
2074,0.0,0.99999964
2075,0.0,0.9999999
2076,0.0,0.9999089
2077,0.0,0.99999905
2078,0.0,0.99999857
2079,0.0,1.0
2080,0.0,0.99996865
2081,0.0,0.9993957
2082,0.0,1.0
2083,0.0,0.9993505
2084,0.0,0.99999547
2085,0.0,0.9985978
2086,0.0,0.99999464
2087,0.0,0.9999993
2088,0.0,0.99999976
2089,0.0,0.998005
2090,0.0,0.99996984
2091,0.0,1.0
2092,0.0,0.99999845
2093,0.0,1.0
2094,0.0,0.9999964
2095,0.0,0.9999999
2096,0.0,0.9989096
2097,0.0,0.9999999
2098,0.0,1.0
2099,0.0,0.9958235
2100,0.0,0.9999989
2101,0.0,1.0
2102,0.0,0.9999206
2103,0.0,0.9998859
2104,0.0,0.99999905
2105,0.0,0.9999951
2106,0.0,1.0
2107,0.0,1.0
2108,0.0,0.998862
2109,0.0,0.9999999
2110,0.0,0.9999999
2111,0.0,0.99976367
2112,0.0,1.0
2113,0.0,0.99999905
2114,0.0,0.99998665
2115,0.0,0.99723
2116,0.0,0.9999819
2117,0.0,1.0
2118,0.0,0.9998294
2119,0.0,0.96921587
2120,0.0,0.99998736
2121,0.0,1.0
2122,0.0,0.99999917
2123,0.0,0.9996985
2124,0.0,1.0
2125,0.0,0.999997
2126,0.0,0.9999654
2127,0.0,0.999716
2128,0.0,1.0
2129,0.0,0.9985911
2130,0.0,0.9999999
2131,0.0,1.0
2132,0.0,0.99999225
2133,0.0,0.9999994
2134,0.0,0.99977356
2135,0.0,0.9999993
2136,0.0,1.0
2137,0.0,1.0
2138,0.0,0.9999925
2139,0.0,0.99692947
2140,0.0,0.99981827
2141,0.0,0.99987423
2142,0.0,0.9999993
2143,0.0,0.99997747
2144,0.0,0.9980685
2145,0.0,0.99989665
2146,0.0,0.9999045
2147,0.0,0.9999629
2148,0.0,0.9924344
2149,0.0,0.998877
2150,0.0,0.99999833
2151,0.0,1.0
2152,0.0,0.99999297
2153,0.0,0.9999658
2154,0.0,0.99999976
2155,0.0,0.99997437
2156,0.0,0.99325716
2157,0.0,0.9992508
2158,0.0,0.99999297
2159,0.0,0.99981195
2160,0.0,1.0
2161,0.0,0.9999887
2162,0.0,0.99994624
2163,0.0,1.0
2164,0.0,0.99999654
2165,0.0,0.99980444
2166,0.0,1.0
2167,0.0,0.99997616
2168,0.0,0.99999654
2169,0.0,1.0
2170,0.0,1.0
2171,0.0,0.99999976
2172,0.0,1.0
2173,0.0,1.0
2174,0.0,0.9999187
2175,0.0,1.0
2176,0.0,1.0
2177,0.0,0.99999976
2178,0.0,1.0
2179,0.0,0.9997193
2180,0.0,0.9997496
2181,0.0,1.0
2182,0.0,0.99999857
2183,0.0,0.99999976
2184,0.0,0.99985886
2185,0.0,0.9999579
2186,0.0,0.9999999
2187,0.0,1.0
2188,0.0,0.9942747
2189,0.0,1.0
2190,0.0,0.99999
2191,0.0,0.9988513
2192,0.0,1.0
2193,0.0,0.9999776
2194,0.0,0.99996483
2195,0.0,0.99983394
2196,0.0,0.999967
2197,0.0,0.9999999
2198,0.0,0.9999825
2199,0.0,1.0
2200,0.0,0.99993837
2201,0.0,0.9999999
2202,0.0,0.9999913
2203,0.0,0.9999343
2204,0.0,0.99996626
2205,0.0,0.99999976
2206,0.0,1.0
2207,0.0,0.9999888
2208,0.0,0.9976525
2209,0.0,0.99967074
2210,0.0,1.0
2211,0.0,0.9999931
2212,0.0,0.99999917
2213,0.0,0.9999732
2214,0.0,0.9999933
2215,0.0,0.99999964
2216,0.0,0.99997604
2217,0.0,1.0
2218,0.0,0.99999964
2219,0.0,0.99999845
2220,0.0,0.999992
2221,0.0,0.9999902
2222,0.0,0.9999844
2223,0.0,0.99991715
2224,0.0,0.9997596
2225,0.0,1.0
2226,0.0,0.9999995
2227,0.0,1.0
2228,0.0,0.9999999
2229,0.0,0.54240847
2230,0.0,0.9999981
2231,0.0,0.9996544
2232,0.0,0.999864
2233,0.0,0.999998
2234,0.0,0.99946564
2235,0.0,0.9999999
2236,0.0,1.0
2237,0.0,1.0
2238,0.0,1.0
2239,0.0,1.0
2240,0.0,0.9999341
2241,0.0,0.9999893
2242,0.0,1.0
2243,0.0,0.99995613
2244,0.0,1.0
2245,0.0,0.99993205
2246,0.0,1.0
2247,0.0,1.0
2248,0.0,0.9999968
2249,0.0,0.9995233
2250,0.0,0.92298365
2251,0.0,0.99982786
2252,0.0,0.9999442
2253,0.0,0.99999905
2254,0.0,0.9999858
2255,0.0,0.99999857
2256,0.0,1.0
2257,0.0,1.0
2258,0.0,0.99999774
2259,0.0,0.9998016
2260,0.0,0.99996316
2261,0.0,0.999992
2262,0.0,0.9999999
2263,0.0,0.9999999
2264,0.0,0.9999999
2265,0.0,0.99971133
2266,0.0,1.0
2267,0.0,1.0
2268,0.0,0.99861956
2269,0.0,0.9999597
2270,0.0,0.9999999
2271,0.0,0.9999498
2272,0.0,0.9999989
2273,0.0,1.0
2274,0.0,0.9999951
2275,0.0,0.9996184
2276,0.0,0.9997811
2277,0.0,0.99999857
2278,0.0,0.9974631
2279,0.0,0.9999988
2280,0.0,0.9994978
2281,0.0,0.9999232
2282,0.0,0.9996679
2283,0.0,0.999964
2284,0.0,1.0
2285,0.0,0.9994236
2286,0.0,1.0
2287,0.0,0.9999778
2288,0.0,0.9999993
2289,0.0,1.0
2290,0.0,0.9999995
2291,0.0,0.99998105
2292,0.0,0.9999988
2293,0.0,0.99999225
2294,0.0,0.9994885
2295,0.0,0.99999464
2296,0.0,0.9999999
2297,0.0,0.9999995
2298,0.0,0.99999917
2299,0.0,0.99968576
2300,0.0,1.0
2301,0.0,0.9974132
2302,0.0,0.9999881
2303,0.0,0.5042897
2304,0.0,0.9999982
2305,0.0,0.9999982
2306,0.0,0.99969697
2307,0.0,0.9996333
2308,0.0,0.9990376
2309,0.0,0.99879825
2310,0.0,0.9998597
2311,0.0,0.99999964
2312,0.0,0.9982582
2313,0.0,1.0
2314,0.0,0.9999975
2315,0.0,1.0
2316,0.0,1.0
2317,0.0,1.0
2318,0.0,0.99998546
2319,0.0,0.9997588
2320,0.0,0.9999404
2321,0.0,0.99850416
2322,0.0,1.0
2323,0.0,1.0
2324,0.0,0.9999553
2325,0.0,0.9999988
2326,0.0,0.99794835
2327,0.0,1.0
2328,0.0,1.0
2329,0.0,0.99999964
2330,0.0,0.9999999
2331,0.0,1.0
2332,0.0,0.9999974
2333,0.0,0.9999995
2334,0.0,1.0
2335,0.0,0.99982136
2336,0.0,0.9999554
2337,0.0,0.9999684
2338,0.0,0.9996909
2339,0.0,0.99994063
2340,0.0,0.9999999
2341,0.0,0.99992955
2342,0.0,1.0
2343,0.0,0.99998343
2344,0.0,0.9999807
2345,0.0,0.9996494
2346,0.0,1.0
2347,0.0,0.514704
2348,0.0,0.9999814
2349,0.0,1.0
2350,0.0,0.9993901
2351,0.0,1.0
2352,0.0,0.9848679
2353,0.0,0.99999154
2354,0.0,0.9999919
2355,0.0,0.99863154
2356,0.0,0.99918073
2357,0.0,0.9999926
2358,0.0,0.99997485
2359,0.0,0.999881
2360,0.0,1.0
2361,0.0,0.9998969
2362,0.0,0.99785775
2363,0.0,1.0
2364,0.0,0.99999964
2365,0.0,0.9999999
2366,0.0,0.9959848
2367,0.0,0.99994314
2368,0.0,0.9999747
2369,0.0,1.0
2370,0.0,0.99999297
2371,0.0,0.99997747
2372,0.0,1.0
2373,0.0,0.9999989
2374,0.0,0.9999999
2375,0.0,0.9999963
2376,0.0,0.99999404
2377,0.0,0.9999999
2378,0.0,1.0
2379,0.0,0.99996555
2380,0.0,1.0
2381,0.0,0.9999924
2382,0.0,0.9999925
2383,0.0,1.0
2384,0.0,0.9972958
2385,0.0,1.0
2386,0.0,1.0
2387,0.0,0.9881024
2388,0.0,1.0
2389,0.0,0.99997854
2390,0.0,1.0
2391,0.0,0.9989398
2392,0.0,0.9999999
2393,0.0,0.99894804
2394,0.0,0.9998528
2395,0.0,0.99988043
2396,0.0,0.9999881
2397,0.0,0.99923944
2398,0.0,1.0
2399,0.0,0.996932
2400,0.0,0.9999082
2401,0.0,1.0
2402,0.0,0.9939606
2403,0.0,0.99996173
2404,0.0,1.0
2405,0.0,0.99993694
2406,0.0,1.0
2407,0.0,0.9999263
2408,0.0,1.0
2409,0.0,0.99980634
2410,0.0,0.99998987
2411,0.0,1.0
2412,0.0,0.9999695
2413,0.0,0.99937695
2414,0.0,0.99999833
2415,0.0,0.99997926
2416,0.0,1.0
2417,0.0,0.9999591
2418,0.0,0.99999976
2419,0.0,0.99999976
2420,0.0,1.0
2421,0.0,0.9999908
2422,0.0,1.0
2423,0.0,0.99949026
2424,0.0,0.9999999
2425,0.0,0.9993894
2426,0.0,0.9999757
2427,0.0,0.9999714
2428,0.0,0.99749243
2429,0.0,0.999959
2430,0.0,0.99998224
2431,0.0,0.99999976
2432,0.0,1.0
2433,0.0,0.9997992
2434,0.0,1.0
2435,0.0,1.0
2436,0.0,1.0
2437,0.0,0.9989699
2438,0.0,0.99999857
2439,0.0,0.9999871
2440,0.0,0.9999943
2441,0.0,0.9954125
2442,0.0,0.99983406
2443,0.0,0.9999995
2444,0.0,0.9999944
2445,0.0,0.9999994
2446,0.0,0.9998393
2447,0.0,1.0
2448,0.0,0.99999917
2449,0.0,1.0
2450,0.0,1.0
2451,0.0,0.99997485
2452,0.0,0.9999999
2453,0.0,1.0
2454,0.0,0.9999987
2455,0.0,0.99993014
2456,0.0,0.99998546
2457,0.0,0.999997
2458,0.0,0.9999995
2459,0.0,0.99999917
2460,0.0,0.9999893
2461,0.0,0.85837555
2462,0.0,0.9998235
2463,0.0,1.0
2464,0.0,0.9992083
2465,0.0,0.99985135
2466,0.0,0.9999987
2467,0.0,0.9998987
2468,0.0,1.0
2469,0.0,1.0
2470,0.0,0.99999225
2471,0.0,0.9999994
2472,0.0,0.9999424
2473,0.0,0.99999547
2474,0.0,0.9999999
2475,0.0,0.99999833
2476,0.0,0.99910444
2477,0.0,0.99885976
2478,0.0,1.0
2479,0.0,0.9985642
2480,0.0,1.0
2481,0.0,1.0
2482,0.0,0.9998228
2483,0.0,0.99964213
2484,0.0,1.0
2485,0.0,0.99994504
2486,0.0,0.999992
2487,0.0,0.99941456
2488,0.0,1.0
2489,0.0,0.9999999
2490,0.0,0.9999769
2491,0.0,0.9994918
2492,0.0,0.9999908
2493,0.0,0.9992816
2494,0.0,1.0
2495,0.0,0.99999845
2496,0.0,0.9999633
2497,0.0,0.9984541
2498,0.0,0.99999595
2499,0.0,0.99931633
2500,0.0,0.9999932
2501,0.0,0.99996555
2502,0.0,0.9999821
2503,0.0,0.9979133
2504,0.0,1.0
2505,0.0,0.99999976
2506,0.0,0.9999962
2507,0.0,0.9999999
2508,0.0,0.9987282
2509,0.0,0.99997854
2510,0.0,0.9998646
2511,0.0,0.999997
2512,0.0,1.0
2513,0.0,1.0
2514,0.0,1.0
2515,0.0,0.9999975
2516,0.0,0.9999999
2517,0.0,0.9999981
2518,0.0,0.9993781
2519,0.0,0.99924976
2520,0.0,0.9999716
2521,0.0,1.0
2522,0.0,0.9999993
2523,0.0,0.9999981
2524,0.0,0.9972109
2525,0.0,0.9994635
2526,0.0,0.9999956
2527,0.0,0.999967
2528,0.0,1.0
2529,0.0,0.99933976
2530,0.0,0.99998534
2531,0.0,0.9999738
2532,0.0,0.9999993
2533,0.0,0.9968604
2534,0.0,1.0
2535,0.0,0.9999974
2536,0.0,0.99999976
2537,0.0,0.999998
2538,0.0,0.9997744
2539,0.0,0.9999515
2540,0.0,0.9999778
2541,0.0,1.0
2542,0.0,0.99999857
2543,0.0,0.9998826
2544,0.0,0.9999988
2545,0.0,1.0
2546,0.0,0.99916434
2547,0.0,0.999326
2548,0.0,0.9999207
2549,0.0,0.999992
2550,0.0,0.9954823
2551,0.0,0.999998
2552,0.0,1.0
2553,0.0,0.9999807
2554,0.0,0.9999715
2555,0.0,0.9999939
2556,0.0,0.999948
2557,0.0,1.0
2558,0.0,0.99990964
2559,0.0,0.999997
2560,0.0,1.0
2561,0.0,0.99999905
2562,0.0,0.999778
2563,0.0,0.9999999
2564,0.0,1.0
2565,0.0,0.99999905
2566,0.0,0.99999523
2567,0.0,0.99999726
2568,0.0,0.99992466
2569,0.0,0.9999999
2570,0.0,0.99246925
2571,0.0,0.99999547
2572,0.0,0.9999794
2573,0.0,0.9979729
2574,0.0,1.0
2575,0.0,0.9999995
2576,0.0,1.0
2577,0.0,1.0
2578,0.0,0.99999
2579,0.0,0.9999949
2580,0.0,0.9999957
2581,0.0,1.0
2582,0.0,0.99999774
2583,0.0,0.99999857
2584,0.0,0.99835986
2585,0.0,0.9996438
2586,0.0,0.9998847
2587,0.0,0.9989034
2588,0.0,0.9999993
2589,0.0,0.99999976
2590,0.0,0.9997838
2591,0.0,0.9999962
2592,0.0,0.9999944
2593,0.0,0.9999025
2594,0.0,1.0
2595,0.0,0.9996275
2596,0.0,0.9998017
2597,0.0,0.9999639
2598,0.0,0.96669143
2599,0.0,0.9998379
2600,0.0,0.9975903
2601,0.0,0.9999987
2602,0.0,0.99812394
2603,0.0,0.999532
2604,0.0,0.9999461
2605,0.0,0.9999988
2606,0.0,0.84017557
2607,0.0,0.999806
2608,0.0,0.99996674
2609,0.0,1.0
2610,0.0,0.99956375
2611,0.0,0.99963033
2612,0.0,1.0
2613,0.0,0.9885134
2614,0.0,0.99996185
2615,0.0,0.9999875
2616,0.0,0.9967656
2617,0.0,0.9999006
2618,0.0,1.0
2619,0.0,0.9995415
2620,0.0,0.99997246
2621,0.0,1.0
2622,0.0,1.0
2623,0.0,1.0
2624,0.0,0.9999788
2625,0.0,0.99993336
2626,0.0,0.99504954
2627,0.0,1.0
2628,0.0,1.0
2629,0.0,0.9997818
2630,0.0,0.9997832
2631,0.0,0.9999721
2632,0.0,0.9999939
2633,0.0,0.9999963
2634,0.0,0.9997906
2635,0.0,1.0
2636,0.0,0.99653363
2637,0.0,0.9999175
2638,0.0,0.9999958
2639,0.0,0.9999976
2640,0.0,0.9987503
2641,0.0,0.9999999
2642,0.0,0.9854741
2643,0.0,0.99964046
2644,0.0,0.9888966
2645,0.0,0.99999774
2646,0.0,0.999998
2647,0.0,0.9999994
2648,0.0,0.9999995
2649,0.0,0.99999034
2650,0.0,1.0
2651,0.0,0.9960064
2652,0.0,0.9999999
2653,0.0,1.0
2654,0.0,0.9999207
2655,0.0,1.0
2656,0.0,0.99429375
2657,0.0,0.99955374
2658,0.0,0.99999857
2659,0.0,1.0
2660,0.0,0.9972543
2661,0.0,0.9999877
2662,0.0,1.0
2663,0.0,0.99908125
2664,0.0,0.9999709
2665,0.0,0.999716
2666,0.0,0.99999976
2667,0.0,0.99999964
2668,0.0,0.99989986
2669,0.0,0.99941576
2670,0.0,0.99958175
2671,0.0,0.9999976
2672,0.0,0.99999344
2673,0.0,0.9999893
2674,0.0,0.9999747
2675,0.0,1.0
2676,0.0,1.0
2677,0.0,0.9999975
2678,0.0,1.0
2679,0.0,0.99998057
2680,0.0,0.9951019
2681,0.0,0.99999785
2682,0.0,0.9997352
2683,0.0,0.99999595
2684,0.0,0.9999653
2685,0.0,0.9989371
2686,0.0,1.0
2687,0.0,0.9999944
2688,0.0,0.9999975
2689,0.0,0.9999999
2690,0.0,1.0
2691,0.0,0.99995637
2692,0.0,1.0
2693,0.0,0.9999747
2694,0.0,0.99996233
2695,0.0,0.99928635
2696,0.0,0.9999999
2697,0.0,0.9999832
2698,0.0,0.9999995
2699,0.0,0.9999304
2700,0.0,1.0
2701,0.0,0.9999999
2702,0.0,0.70648366
2703,0.0,0.99999785
2704,0.0,0.9999957
2705,0.0,0.99983084
2706,0.0,0.9982767
2707,0.0,0.99999225
2708,0.0,1.0
2709,0.0,1.0
2710,0.0,0.99995816
2711,0.0,1.0
2712,0.0,1.0
2713,0.0,0.9998288
2714,0.0,0.9999999
2715,0.0,0.99999964
2716,0.0,0.9999939
2717,0.0,0.99518543
2718,0.0,0.99988353
2719,0.0,0.9999999
2720,0.0,0.9019425
2721,0.0,1.0
2722,0.0,1.0
2723,0.0,1.0
2724,0.0,1.0
2725,0.0,0.9997017
2726,0.0,0.99998176
2727,0.0,0.9999832
2728,0.0,0.99997795
2729,0.0,0.9999546
2730,0.0,1.0
2731,0.0,0.9999689
2732,0.0,0.9999471
2733,0.0,0.6330286
2734,0.0,1.0
2735,0.0,0.9999902
2736,0.0,0.9999944
2737,0.0,0.99694854
2738,0.0,0.9999999
2739,0.0,1.0
2740,0.0,0.99957496
2741,0.0,0.99961287
2742,0.0,0.9999956
2743,0.0,0.99986374
2744,0.0,0.99999523
2745,0.0,1.0
2746,0.0,1.0
2747,0.0,0.99980587
2748,0.0,0.9999747
2749,0.0,0.9999645
2750,0.0,0.9999678
2751,0.0,0.9999912
2752,0.0,0.99247026
2753,0.0,0.9115676
2754,0.0,0.99985135
2755,0.0,1.0
2756,0.0,0.99998295
2757,0.0,1.0
2758,0.0,0.9999535
2759,0.0,0.9991284
2760,0.0,0.9999434
2761,0.0,1.0
2762,0.0,0.999969
2763,0.0,1.0
2764,0.0,0.99806577
2765,0.0,0.99975985
2766,0.0,1.0
2767,0.0,1.0
2768,0.0,0.99934083
2769,0.0,1.0
2770,0.0,1.0
2771,0.0,0.9999999
2772,0.0,0.9999901
2773,0.0,0.9999999
2774,0.0,0.9998752
2775,0.0,0.9999999
2776,0.0,0.9999789
2777,0.0,0.99879897
2778,0.0,0.9989918
2779,0.0,0.99961215
2780,0.0,1.0
2781,0.0,0.99999774
2782,0.0,0.9999906
2783,0.0,0.9998511
2784,0.0,0.99999917
2785,0.0,0.99999964
2786,0.0,1.0
2787,0.0,0.99999964
2788,0.0,0.9999893
2789,0.0,0.9616806
2790,0.0,0.99966335
2791,0.0,0.9999894
2792,0.0,0.9994179
2793,0.0,1.0
2794,0.0,0.9999993
2795,0.0,1.0
2796,0.0,1.0
2797,0.0,0.99999285
2798,0.0,0.99997175
2799,0.0,0.9997453
2800,0.0,0.9999945
2801,0.0,0.9999968
2802,0.0,0.9999981
2803,0.0,0.9999999
2804,0.0,0.999882
2805,0.0,0.9998511
2806,0.0,0.9999994
2807,0.0,1.0
2808,0.0,0.9999639
2809,0.0,0.9999455
2810,0.0,1.0
2811,0.0,0.9999969
2812,0.0,1.0
2813,0.0,0.99998975
2814,0.0,0.99998987
2815,0.0,0.99961334
2816,0.0,1.0
2817,0.0,0.9999875
2818,0.0,1.0
2819,0.0,0.99947447
2820,0.0,0.99999964
2821,0.0,1.0
2822,0.0,1.0
2823,0.0,0.9996594
2824,0.0,0.9999782
2825,0.0,0.9998584
2826,0.0,0.98629665
2827,0.0,1.0
2828,0.0,0.99996626
2829,0.0,1.0
2830,0.0,0.99999976
2831,0.0,0.9999988
2832,0.0,0.99994564
2833,0.0,0.9999932
2834,0.0,0.9999403
2835,0.0,0.9993173
2836,0.0,1.0
2837,0.0,0.99944633
2838,0.0,0.9999951
2839,0.0,0.9999995
2840,0.0,0.99976665
2841,0.0,0.99975497
2842,0.0,0.9999827
2843,0.0,1.0
2844,0.0,1.0
2845,0.0,0.9999925
2846,0.0,0.9998029
2847,0.0,1.0
2848,0.0,0.99862576
2849,0.0,0.9999918
2850,0.0,0.999912
2851,0.0,0.6914701
2852,0.0,0.9999169
2853,0.0,1.0
2854,0.0,0.9999994
2855,0.0,1.0
2856,0.0,0.99999344
2857,0.0,0.99999976
2858,0.0,0.99999654
2859,0.0,0.99999666
2860,0.0,0.99996257
2861,0.0,0.99778384
2862,0.0,0.99998665
2863,0.0,1.0
2864,0.0,0.99999964
2865,0.0,0.999271
2866,0.0,1.0
2867,0.0,1.0
2868,0.0,0.9999993
2869,0.0,1.0
2870,0.0,0.9999635
2871,0.0,0.99995935
2872,0.0,0.999985
2873,0.0,0.9999925
2874,0.0,0.99961746
2875,0.0,0.9999131
2876,0.0,0.99988973
2877,0.0,1.0
2878,0.0,1.0
2879,0.0,0.99981505
2880,0.0,0.99999964
2881,0.0,0.9999964
2882,0.0,0.99998283
2883,0.0,0.89095134
2884,0.0,0.93997127
2885,0.0,0.9891699
2886,0.0,0.9999999
2887,0.0,0.9999999
2888,0.0,1.0
2889,0.0,0.9999999
2890,0.0,0.9999993
2891,0.0,1.0
2892,0.0,0.9999131
2893,0.0,1.0
2894,0.0,1.0
2895,0.0,0.99999166
2896,0.0,1.0
2897,0.0,1.0
2898,0.0,0.9999769
2899,0.0,0.99977
2900,0.0,0.99999917
2901,0.0,0.999323
2902,0.0,0.99996436
2903,0.0,0.9999958
2904,0.0,1.0
2905,0.0,0.9988134
2906,0.0,0.99997675
2907,0.0,0.9996517
2908,0.0,0.9998429
2909,0.0,0.99999595
2910,0.0,0.9999995
2911,0.0,0.9999989
2912,0.0,0.9982754
2913,0.0,1.0
2914,0.0,1.0
2915,0.0,1.0
2916,0.0,0.9999999
2917,0.0,0.9999957
2918,0.0,0.9999999
2919,0.0,1.0
2920,0.0,0.999998
2921,0.0,0.9999224
2922,0.0,0.9999981
2923,0.0,1.0
2924,0.0,0.9999732
2925,0.0,0.9995453
2926,0.0,1.0
2927,0.0,0.99996924
2928,0.0,1.0
2929,0.0,1.0
2930,0.0,0.9998746
2931,0.0,1.0
2932,0.0,1.0
2933,0.0,0.99852705
2934,0.0,0.99999964
2935,0.0,0.99741155
2936,0.0,0.99999976
2937,0.0,0.9999993
2938,0.0,0.9999999
2939,0.0,0.99598604
2940,0.0,1.0
2941,0.0,1.0
2942,0.0,0.9999552
2943,0.0,0.9998549
2944,0.0,0.99999404
2945,0.0,0.999997
2946,0.0,1.0
2947,0.0,0.9999995
2948,0.0,0.9999472
2949,0.0,0.9956261
2950,0.0,0.9998293
2951,0.0,1.0
2952,0.0,0.99961793
2953,0.0,1.0
2954,0.0,0.9998878
2955,0.0,0.9999893
2956,0.0,0.99986315
2957,0.0,0.9999752
2958,0.0,1.0
2959,0.0,1.0
2960,0.0,0.9967276
2961,0.0,0.9999993
2962,0.0,0.99995434
2963,0.0,0.999079
2964,0.0,0.99993515
2965,0.0,1.0
2966,0.0,0.9999876
2967,0.0,1.0
2968,0.0,0.9997782
2969,0.0,0.99941015
2970,0.0,0.99930763
2971,0.0,1.0
2972,0.0,0.99986005
2973,0.0,1.0
2974,0.0,1.0
2975,0.0,0.9999989
2976,0.0,1.0
2977,0.0,1.0
2978,0.0,0.99978226
2979,0.0,1.0
2980,0.0,0.99923027
2981,0.0,0.9999962
2982,0.0,1.0
2983,0.0,0.9631847
2984,0.0,0.99983466
2985,0.0,0.9999981
2986,0.0,0.9999405
2987,0.0,1.0
2988,0.0,0.52494764
2989,0.0,0.9999999
2990,0.0,0.99999857
2991,0.0,1.0
2992,0.0,0.9997296
2993,0.0,0.99999607
2994,0.0,0.9996506
2995,0.0,0.9999939
2996,0.0,0.99999976
2997,0.0,0.9999206
2998,0.0,1.0
2999,0.0,0.9999912
3000,0.0,0.99998176
3001,0.0,0.9999747
