,0,class_label,target_label
0,0.335,0,1
1,0.449,0,1
2,0.54,0,1
3,0.802,0,1
4,0.817,0,1
5,0.567,0,1
6,0.617,0,1
7,0.775,0,1
8,0.732,0,1
9,0.859,0,1
10,0.84,0,1
11,0.274,0,1
12,0.491,0,1
13,0.822,0,1
14,0.304,0,1
15,0.901,0,1
16,0.6,0,1
17,0.678,0,1
18,0.484,0,1
19,0.652,0,1
20,0.76,0,1
21,0.442,0,1
22,0.513,0,1
23,0.958,0,1
24,0.832,0,1
25,0.664,0,1
26,0.935,0,1
27,0.663,0,1
28,0.852,0,1
29,0.654,0,1
30,0.787,0,1
31,0.364,0,1
32,0.754,0,1
33,0.647,0,1
34,0.504,0,1
35,0.624,0,1
36,0.622,0,1
37,0.885,0,1
38,0.716,0,1
39,0.726,0,1
40,0.886,0,1
41,0.937,0,1
42,0.868,0,1
43,0.649,0,1
44,0.719,0,1
45,0.834,0,1
46,0.787,0,1
47,0.685,0,1
48,0.557,0,1
49,0.754,0,1
50,0.621,0,1
51,0.597,0,1
52,0.824,0,1
53,0.862,0,1
54,0.53,0,1
55,0.495,0,1
56,0.618,0,1
57,0.725,0,1
58,0.631,0,1
59,0.866,0,1
60,0.822,0,1
61,0.718,0,1
62,0.815,0,1
63,0.957,0,1
64,0.608,0,1
65,0.131,0,1
66,0.622,0,1
67,0.863,0,1
68,0.761,0,1
69,0.772,0,1
70,0.457,0,1
71,0.759,0,1
72,0.888,0,1
73,0.502,0,1
74,0.503,0,1
75,0.772,0,1
76,0.694,0,1
77,0.861,0,1
78,0.853,0,1
79,0.764,0,1
80,0.093,0,1
81,0.248,0,1
82,0.703,0,1
83,0.519,0,1
84,0.714,0,1
85,0.388,0,1
86,0.689,0,1
87,0.584,0,1
88,0.93,0,1
89,0.509,0,1
90,0.63,0,1
91,0.106,0,1
92,0.773,0,1
93,0.472,0,1
94,0.554,0,1
95,0.633,0,1
96,0.703,0,1
97,0.864,0,1
98,0.776,0,1
99,0.849,0,1
100,0.312,0,1
101,0.538,0,1
102,0.395,0,1
103,0.643,0,1
104,0.423,0,1
105,0.714,0,1
106,0.781,0,1
107,0.45,0,1
108,0.44,0,1
109,0.605,0,1
110,0.327,0,1
111,0.773,0,1
112,0.748,0,1
113,0.749,0,1
114,0.602,0,1
115,0.762,0,1
116,0.869,0,1
117,0.785,0,1
118,0.659,0,1
119,0.562,0,1
120,0.591,0,1
121,0.825,0,1
122,0.54,0,1
123,0.794,0,1
124,0.588,0,1
125,0.869,0,1
126,0.503,0,1
127,0.786,0,1
128,0.189,0,1
129,0.852,0,1
130,0.403,0,1
131,0.649,0,1
132,0.675,0,1
133,0.906,0,1
134,0.652,0,1
135,0.655,0,1
136,0.621,0,1
137,0.583,0,1
138,0.531,0,1
139,0.367,0,1
140,0.76,0,1
141,0.118,0,1
142,0.946,0,1
143,0.687,0,1
144,0.505,0,1
145,0.761,0,1
146,0.223,0,1
147,0.451,0,1
148,0.546,0,1
149,0.875,0,1
150,0.279,0,1
151,0.797,0,1
152,0.713,0,1
153,0.841,0,1
154,0.793,0,1
155,0.875,0,1
156,0.578,0,1
157,0.736,0,1
158,0.711,0,1
159,0.802,0,1
160,0.736,0,1
161,0.558,0,1
162,0.673,0,1
163,0.689,0,1
164,0.714,0,1
165,0.387,0,1
166,0.413,0,1
167,0.58,0,1
168,0.639,0,1
169,0.543,0,1
170,0.155,0,1
171,0.589,0,1
172,0.489,0,1
173,0.49,0,1
174,0.908,0,1
175,0.773,0,1
176,0.976,0,1
177,0.966,0,1
178,0.634,0,1
179,0.515,0,1
180,0.692,0,1
181,0.536,0,1
182,0.569,0,1
183,0.796,0,1
184,0.726,0,1
185,0.882,0,1
186,0.781,0,1
187,0.215,0,1
188,0.698,0,1
189,0.756,0,1
190,0.852,0,1
191,0.677,0,1
192,0.452,0,1
193,0.437,0,1
194,0.086,0,1
195,0.773,0,1
196,0.605,0,1
197,0.412,0,1
198,0.465,0,1
199,0.419,0,1
200,0.735,0,1
201,0.415,0,1
202,0.725,0,1
203,0.678,0,1
204,0.866,0,1
205,0.289,0,1
206,0.11,0,1
207,0.516,0,1
208,0.863,0,1
209,0.855,0,1
210,0.727,0,1
211,0.887,0,1
212,0.77,0,1
213,0.438,0,1
214,0.916,0,1
215,0.68,0,1
216,0.276,0,1
217,0.654,0,1
218,0.842,0,1
219,0.696,0,1
220,0.38,0,1
221,0.609,0,1
222,0.675,0,1
223,0.541,0,1
224,0.175,0,1
225,0.572,0,1
226,0.629,0,1
227,0.754,0,1
228,0.866,0,1
229,0.83,0,1
230,0.664,0,1
231,0.881,0,1
232,0.367,0,1
233,0.879,0,1
234,0.624,0,1
235,0.364,0,1
236,0.883,0,1
237,0.227,0,1
238,0.803,0,1
239,0.776,0,1
240,0.731,0,1
241,0.523,0,1
242,0.813,0,1
243,0.809,0,1
244,0.699,0,1
245,0.548,0,1
246,0.591,0,1
247,0.689,0,1
248,0.785,0,1
249,0.78,0,1
250,0.74,0,1
251,0.373,0,1
252,0.826,0,1
253,0.667,0,1
254,0.786,0,1
255,0.834,0,1
256,0.222,0,1
257,0.811,0,1
258,0.57,0,1
259,0.688,0,1
260,0.519,0,1
261,0.68,0,1
262,0.202,0,1
263,0.813,0,1
264,0.547,0,1
265,0.58,0,1
266,0.732,0,1
267,0.399,0,1
268,0.564,0,1
269,0.772,0,1
270,0.497,0,1
271,0.924,0,1
272,0.464,0,1
273,0.357,0,1
274,0.739,0,1
275,0.209,0,1
276,0.927,0,1
277,0.727,0,1
278,0.858,0,1
279,0.454,0,1
280,0.838,0,1
281,0.563,0,1
282,0.003,0,1
283,0.798,0,1
284,0.681,0,1
285,0.945,0,1
286,0.717,0,1
287,0.149,0,1
288,0.136,0,1
289,0.0,1,1
290,0.522,0,1
291,0.824,0,1
292,0.459,0,1
293,0.579,0,1
294,0.583,0,1
295,0.735,0,1
296,0.945,0,1
297,0.641,0,1
298,0.511,0,1
299,0.81,0,1
300,0.482,0,1
301,0.887,0,1
302,0.961,0,1
303,0.596,0,1
304,0.213,0,1
305,0.624,0,1
306,0.768,0,1
307,0.337,0,1
308,0.316,0,1
309,0.609,0,1
310,0.899,0,1
311,0.582,0,1
312,0.332,0,1
313,0.119,0,1
314,0.493,0,1
315,0.424,0,1
316,0.656,0,1
317,0.066,0,1
318,0.846,0,1
319,0.127,0,1
320,0.651,0,1
321,0.776,0,1
322,0.772,0,1
323,0.799,0,1
324,0.64,0,1
325,0.837,0,1
326,0.779,0,1
327,0.258,0,1
328,0.892,0,1
329,0.821,0,1
330,0.752,0,1
331,0.833,0,1
332,0.731,0,1
333,0.635,0,1
334,0.903,0,1
335,0.565,0,1
336,0.545,0,1
337,0.111,0,1
338,0.855,0,1
339,0.498,0,1
340,0.356,0,1
341,0.437,0,1
342,0.752,0,1
343,0.436,0,1
344,0.205,0,1
345,0.829,0,1
346,0.965,0,1
347,0.241,0,1
348,0.425,0,1
349,0.888,0,1
350,0.652,0,1
351,0.815,0,1
352,0.094,0,1
353,0.882,0,1
354,0.699,0,1
355,0.777,0,1
356,0.914,0,1
357,0.626,0,1
358,0.837,0,1
359,0.901,0,1
360,0.728,0,1
361,0.244,0,1
362,0.072,0,1
363,0.77,0,1
364,0.458,0,1
365,0.754,0,1
366,0.031,0,1
367,0.854,0,1
368,0.894,0,1
369,0.815,0,1
370,0.544,0,1
371,0.392,0,1
372,0.657,0,1
373,0.568,0,1
374,0.805,0,1
375,0.558,0,1
376,0.256,0,1
377,0.604,0,1
378,0.613,0,1
379,0.158,0,1
380,0.015,0,1
381,0.959,0,1
382,0.822,0,1
383,0.754,0,1
384,0.428,0,1
385,0.389,0,1
386,0.799,0,1
387,0.07,0,1
388,0.97,0,1
389,0.811,0,1
390,0.579,0,1
391,0.116,0,1
392,0.725,0,1
393,0.551,0,1
394,0.186,0,1
395,0.871,0,1
396,0.462,0,1
397,0.852,0,1
398,0.731,0,1
399,0.354,0,1
400,0.836,0,1
401,0.833,0,1
402,0.865,0,1
403,0.734,0,1
404,0.802,0,1
405,0.604,0,1
406,0.731,0,1
407,0.074,0,1
408,0.645,0,1
409,0.279,0,1
410,0.034,0,1
411,0.208,0,1
412,0.929,0,1
413,0.71,0,1
414,0.322,0,1
415,0.446,0,1
416,0.848,0,1
417,0.968,0,1
418,0.905,0,1
419,0.781,0,1
420,0.787,0,1
421,0.743,0,1
422,0.805,0,1
423,0.631,0,1
424,0.706,0,1
425,0.773,0,1
426,0.596,0,1
427,0.839,0,1
428,0.379,0,1
429,0.694,0,1
430,0.484,0,1
431,0.812,0,1
432,0.703,0,1
433,0.912,0,1
434,0.745,0,1
435,0.667,0,1
436,0.519,0,1
437,0.779,0,1
438,0.472,0,1
439,0.665,0,1
440,0.569,0,1
441,0.346,0,1
442,0.745,0,1
443,0.728,0,1
444,0.484,0,1
445,0.482,0,1
446,0.395,0,1
447,0.908,0,1
448,0.735,0,1
449,0.923,0,1
450,0.705,0,1
451,0.614,0,1
452,0.698,0,1
453,0.47,0,1
454,0.644,0,1
455,0.5,0,1
456,0.848,0,1
457,0.736,0,1
458,0.769,0,1
459,0.291,0,1
460,0.175,0,1
461,0.85,0,1
462,0.353,0,1
463,0.52,0,1
464,0.978,0,1
465,0.644,0,1
466,0.65,0,1
467,0.757,0,1
468,0.649,0,1
469,0.592,0,1
470,0.538,0,1
471,0.391,0,1
472,0.218,0,1
473,0.531,0,1
474,0.695,0,1
475,0.721,0,1
476,0.848,0,1
477,0.863,0,1
478,0.83,0,1
479,0.829,0,1
480,0.681,0,1
481,0.803,0,1
482,0.698,0,1
483,0.876,0,1
484,0.81,0,1
485,0.365,0,1
486,0.745,0,1
487,0.516,0,1
488,0.574,0,1
489,0.649,0,1
490,0.731,0,1
491,0.537,0,1
492,0.94,0,1
493,0.774,0,1
494,0.81,0,1
495,0.454,0,1
496,0.589,0,1
497,0.501,0,1
498,0.752,0,1
499,0.618,0,1
500,0.336,0,1
501,0.699,0,1
502,0.437,0,1
503,0.837,0,1
504,0.63,0,1
505,0.433,0,1
506,0.871,0,1
507,0.81,0,1
508,0.487,0,1
509,0.714,0,1
510,0.057,0,1
511,0.368,0,1
512,0.465,0,1
513,0.436,0,1
514,0.338,0,1
515,0.777,0,1
516,0.583,0,1
517,0.723,0,1
518,0.784,0,1
519,0.758,0,1
520,0.681,0,1
521,0.268,0,1
522,0.378,0,1
523,0.812,0,1
524,0.768,0,1
525,0.51,0,1
526,0.825,0,1
527,0.682,0,1
528,0.72,0,1
529,0.671,0,1
530,0.622,0,1
531,0.695,0,1
532,0.875,0,1
533,0.781,0,1
534,0.834,0,1
535,0.852,0,1
536,0.69,0,1
537,0.683,0,1
538,0.596,0,1
539,0.596,0,1
540,0.82,0,1
541,0.751,0,1
542,0.861,0,1
543,0.564,0,1
544,0.847,0,1
545,0.288,0,1
546,0.835,0,1
547,0.4,0,1
548,0.383,0,1
549,0.746,0,1
550,0.604,0,1
551,0.354,0,1
552,0.056,0,1
553,0.489,0,1
554,0.072,0,1
555,0.702,0,1
556,0.806,0,1
557,0.945,0,1
558,0.889,0,1
559,0.762,0,1
560,0.791,0,1
561,0.381,0,1
562,0.834,0,1
563,0.703,0,1
564,0.107,0,1
565,0.643,0,1
566,0.752,0,1
567,0.432,0,1
568,0.726,0,1
569,0.818,0,1
570,0.259,0,1
571,0.736,0,1
572,0.512,0,1
573,0.536,0,1
574,0.105,0,1
575,0.363,0,1
576,0.591,0,1
577,0.79,0,1
578,0.877,0,1
579,0.816,0,1
580,0.691,0,1
581,0.757,0,1
582,0.728,0,1
583,0.615,0,1
584,0.26,0,1
585,0.564,0,1
586,0.467,0,1
587,0.857,0,1
588,0.275,0,1
589,0.657,0,1
590,0.87,0,1
591,0.679,0,1
592,0.331,0,1
593,0.825,0,1
594,0.3,0,1
595,0.846,0,1
596,0.612,0,1
597,0.739,0,1
598,0.873,0,1
599,0.696,0,1
600,0.836,0,1
601,0.483,0,1
602,0.702,0,1
603,0.567,0,1
604,0.774,0,1
605,0.584,0,1
606,0.731,0,1
607,0.762,0,1
608,0.6,0,1
609,0.723,0,1
610,0.405,0,1
611,0.339,0,1
612,0.606,0,1
613,0.416,0,1
614,0.618,0,1
615,0.812,0,1
616,0.76,0,1
617,0.573,0,1
618,0.384,0,1
619,0.683,0,1
620,0.798,0,1
621,0.863,0,1
622,0.785,0,1
623,0.869,0,1
624,0.306,0,1
625,0.57,0,1
626,0.421,0,1
627,0.691,0,1
628,0.737,0,1
629,0.752,0,1
630,0.602,0,1
631,0.587,0,1
632,0.842,0,1
633,0.53,0,1
634,0.732,0,1
635,0.819,0,1
636,0.657,0,1
637,0.684,0,1
638,0.559,0,1
639,0.654,0,1
640,0.659,0,1
641,0.357,0,1
642,0.491,0,1
643,0.069,0,1
644,0.762,0,1
645,0.936,0,1
646,0.87,0,1
647,0.903,0,1
648,0.461,0,1
649,0.293,0,1
650,0.957,0,1
651,0.813,0,1
652,0.728,0,1
653,0.852,0,1
654,0.845,0,1
655,0.686,0,1
656,0.455,0,1
657,0.903,0,1
658,0.72,0,1
659,0.846,0,1
660,0.937,0,1
661,0.792,0,1
662,0.566,0,1
663,0.547,0,1
664,0.749,0,1
665,0.796,0,1
666,0.67,0,1
667,0.86,0,1
668,0.681,0,1
669,0.869,0,1
670,0.725,0,1
671,0.624,0,1
672,0.363,0,1
673,0.795,0,1
674,0.826,0,1
675,0.51,0,1
676,0.616,0,1
677,0.647,0,1
678,0.12,0,1
679,0.714,0,1
680,0.837,0,1
681,0.823,0,1
682,0.737,0,1
683,0.764,0,1
684,0.916,0,1
685,0.518,0,1
686,0.749,0,1
687,0.689,0,1
688,0.762,0,1
689,0.647,0,1
690,0.466,0,1
691,0.784,0,1
692,0.434,0,1
693,0.879,0,1
694,0.913,0,1
695,0.841,0,1
696,0.603,0,1
697,0.682,0,1
698,0.475,0,1
699,0.621,0,1
700,0.566,0,1
701,0.887,0,1
702,0.618,0,1
703,0.802,0,1
704,0.776,0,1
705,0.701,0,1
706,0.84,0,1
707,0.735,0,1
708,0.887,0,1
709,0.753,0,1
710,0.49,0,1
711,0.73,0,1
712,0.831,0,1
713,0.836,0,1
714,0.65,0,1
715,0.62,0,1
716,0.931,0,1
717,0.751,0,1
718,0.212,0,1
719,0.398,0,1
720,0.237,0,1
721,0.91,0,1
722,0.878,0,1
723,0.639,0,1
724,0.612,0,1
725,0.804,0,1
726,0.763,0,1
727,0.821,0,1
728,0.786,0,1
729,0.768,0,1
730,0.764,0,1
731,0.824,0,1
732,0.484,0,1
733,0.899,0,1
734,0.9,0,1
735,0.747,0,1
736,0.829,0,1
737,0.65,0,1
738,0.762,0,1
739,0.551,0,1
740,0.784,0,1
741,0.8,0,1
742,0.932,0,1
743,0.982,0,1
744,0.513,0,1
745,0.3,0,1
746,0.255,0,1
747,0.834,0,1
748,0.873,0,1
749,0.551,0,1
750,0.494,0,1
751,0.772,0,1
752,0.691,0,1
753,0.948,0,1
754,0.854,0,1
755,0.821,0,1
756,0.853,0,1
757,0.928,0,1
758,0.894,0,1
759,0.701,0,1
760,0.953,0,1
761,0.877,0,1
762,0.764,0,1
763,0.576,0,1
764,0.561,0,1
765,0.839,0,1
766,0.539,0,1
767,0.721,0,1
768,0.603,0,1
769,0.575,0,1
770,0.701,0,1
771,0.761,0,1
772,0.572,0,1
773,0.68,0,1
774,0.789,0,1
775,0.732,0,1
776,0.581,0,1
777,0.61,0,1
778,0.634,0,1
779,0.171,0,1
780,0.885,0,1
781,0.803,0,1
782,0.882,0,1
783,0.676,0,1
784,0.646,0,1
785,0.106,0,1
786,0.636,0,1
787,0.791,0,1
788,0.593,0,1
789,0.563,0,1
790,0.806,0,1
791,0.31,0,1
792,0.703,0,1
793,0.764,0,1
794,0.725,0,1
795,0.822,0,1
796,0.608,0,1
797,0.705,0,1
798,0.617,0,1
799,0.615,0,1
800,0.777,0,1
801,0.638,0,1
802,0.627,0,1
803,0.398,0,1
804,0.891,0,1
805,0.902,0,1
806,0.718,0,1
807,0.659,0,1
808,0.779,0,1
809,0.76,0,1
810,0.459,0,1
811,0.886,0,1
812,0.876,0,1
813,0.684,0,1
814,0.642,0,1
815,0.139,0,1
816,0.821,0,1
817,0.823,0,1
818,0.585,0,1
819,0.718,0,1
820,0.724,0,1
821,0.146,0,1
822,0.74,0,1
823,0.902,0,1
824,0.881,0,1
825,0.647,0,1
826,0.837,0,1
827,0.751,0,1
828,0.64,0,1
829,0.829,0,1
830,0.81,0,1
831,0.734,0,1
832,0.678,0,1
833,0.849,0,1
834,0.897,0,1
835,0.896,0,1
836,0.765,0,1
837,0.933,0,1
838,0.784,0,1
839,0.952,0,1
840,0.826,0,1
841,0.301,0,1
842,0.134,0,1
843,0.789,0,1
844,0.608,0,1
845,0.711,0,1
846,0.503,0,1
847,0.466,0,1
848,0.653,0,1
849,0.653,0,1
850,0.712,0,1
851,0.318,0,1
852,0.756,0,1
853,0.824,0,1
854,0.477,0,1
855,0.473,0,1
856,0.605,0,1
857,0.848,0,1
858,0.518,0,1
859,0.207,0,1
860,0.8,0,1
861,0.693,0,1
862,0.78,0,1
863,0.799,0,1
864,0.311,0,1
865,0.76,0,1
866,0.566,0,1
867,0.798,0,1
868,0.819,0,1
869,0.377,0,1
870,0.749,0,1
871,0.405,0,1
872,0.754,0,1
873,0.267,0,1
874,0.759,0,1
875,0.791,0,1
876,0.585,0,1
877,0.443,0,1
878,0.621,0,1
879,0.858,0,1
880,0.827,0,1
881,0.063,0,1
882,0.865,0,1
883,0.587,0,1
884,0.86,0,1
885,0.904,0,1
886,0.86,0,1
887,0.513,0,1
888,0.707,0,1
889,0.751,0,1
890,0.614,0,1
891,0.881,0,1
892,0.635,0,1
893,0.841,0,1
894,0.587,0,1
895,0.335,0,1
896,0.786,0,1
897,0.742,0,1
898,0.521,0,1
899,0.747,0,1
900,0.939,0,1
901,0.697,0,1
902,0.673,0,1
903,0.59,0,1
904,0.872,0,1
905,0.902,0,1
906,0.538,0,1
907,0.37,0,1
908,0.546,0,1
909,0.491,0,1
910,0.764,0,1
911,0.949,0,1
912,0.31,0,1
913,0.74,0,1
914,0.753,0,1
915,0.766,0,1
916,0.817,0,1
917,0.579,0,1
918,0.719,0,1
919,0.142,0,1
920,0.516,0,1
921,0.902,0,1
922,0.474,0,1
923,0.679,0,1
924,0.659,0,1
925,0.878,0,1
926,0.435,0,1
927,0.694,0,1
928,0.727,0,1
929,0.713,0,1
930,0.633,0,1
931,0.309,0,1
932,0.662,0,1
933,0.191,0,1
934,0.9,0,1
935,0.822,0,1
936,0.445,0,1
937,0.937,0,1
938,0.72,0,1
939,0.881,0,1
940,0.624,0,1
941,0.689,0,1
942,0.486,0,1
943,0.864,0,1
944,0.852,0,1
945,0.169,0,1
946,0.831,0,1
947,0.735,0,1
948,0.788,0,1
949,0.751,0,1
950,0.392,0,1
951,0.884,0,1
952,0.469,0,1
953,0.856,0,1
954,0.688,0,1
955,0.883,0,1
956,0.854,0,1
957,0.126,0,1
958,0.989,0,1
959,0.544,0,1
960,0.621,0,1
961,0.715,0,1
962,0.602,0,1
963,0.754,0,1
964,0.769,0,1
965,0.272,0,1
966,0.465,0,1
967,0.709,0,1
968,0.541,0,1
969,0.713,0,1
970,0.698,0,1
971,0.805,0,1
972,0.205,0,1
973,0.408,0,1
974,0.802,0,1
975,0.504,0,1
976,0.802,0,1
977,0.93,0,1
978,0.937,0,1
979,0.815,0,1
980,0.425,0,1
981,0.636,0,1
982,0.381,0,1
983,0.811,0,1
984,0.684,0,1
985,0.745,0,1
986,0.565,0,1
987,0.899,0,1
988,0.522,0,1
989,0.86,0,1
990,0.473,0,1
991,0.463,0,1
992,0.845,0,1
993,0.815,0,1
994,0.783,0,1
995,0.734,0,1
996,0.721,0,1
997,0.514,0,1
998,0.997,0,1
999,0.7,0,1
1000,0.15,0,1
1001,0.323,0,1
1002,0.737,0,1
1003,0.707,0,1
1004,0.483,0,1
1005,0.703,0,1
1006,0.724,0,1
1007,0.271,0,1
1008,0.679,0,1
1009,0.689,0,1
1010,0.744,0,1
1011,0.094,0,1
1012,0.285,0,1
1013,0.263,0,1
1014,0.969,0,1
1015,0.536,0,1
1016,0.877,0,1
1017,0.417,0,1
1018,0.681,0,1
1019,0.605,0,1
1020,0.901,0,1
1021,0.443,0,1
1022,0.728,0,1
1023,0.903,0,1
1024,0.285,0,1
1025,0.59,0,1
1026,0.473,0,1
1027,0.766,0,1
1028,0.815,0,1
1029,0.737,0,1
1030,0.811,0,1
1031,0.714,0,1
1032,0.831,0,1
1033,0.706,0,1
1034,0.906,0,1
1035,0.649,0,1
1036,0.668,0,1
1037,0.688,0,1
1038,0.231,0,1
1039,0.807,0,1
1040,0.733,0,1
1041,0.549,0,1
1042,0.641,0,1
1043,0.496,0,1
1044,0.303,0,1
1045,0.954,0,1
1046,0.128,0,1
1047,0.733,0,1
1048,0.817,0,1
1049,0.813,0,1
1050,0.274,0,1
1051,0.858,0,1
1052,0.913,0,1
1053,0.709,0,1
1054,0.615,0,1
1055,0.829,0,1
1056,0.584,0,1
1057,0.948,0,1
1058,0.807,0,1
1059,0.682,0,1
1060,0.886,0,1
1061,0.406,0,1
1062,0.401,0,1
1063,0.38,0,1
1064,0.705,0,1
1065,0.279,0,1
1066,0.545,0,1
1067,0.721,0,1
1068,0.76,0,1
1069,0.902,0,1
1070,0.809,0,1
1071,0.713,0,1
1072,0.622,0,1
1073,0.583,0,1
1074,0.917,0,1
1075,0.725,0,1
1076,0.039,0,1
1077,0.646,0,1
1078,0.796,0,1
1079,0.171,0,1
1080,0.644,0,1
1081,0.791,0,1
1082,0.759,0,1
1083,0.837,0,1
1084,0.611,0,1
1085,0.2,0,1
1086,0.424,0,1
1087,0.403,0,1
1088,0.868,0,1
1089,0.777,0,1
1090,0.001,0,1
1091,0.729,0,1
1092,0.57,0,1
1093,0.778,0,1
1094,0.428,0,1
1095,0.861,0,1
1096,0.566,0,1
1097,0.727,0,1
1098,0.959,0,1
1099,0.795,0,1
1100,0.847,0,1
1101,0.873,0,1
1102,0.883,0,1
1103,0.556,0,1
1104,0.889,0,1
1105,0.823,0,1
1106,0.384,0,1
1107,0.389,0,1
1108,0.26,0,1
1109,0.912,0,1
1110,0.163,0,1
1111,0.874,0,1
1112,0.925,0,1
1113,0.033,0,1
1114,0.335,0,1
1115,0.879,0,1
1116,0.67,0,1
1117,0.487,0,1
1118,0.772,0,1
1119,0.858,0,1
1120,0.555,0,1
1121,0.717,0,1
1122,0.808,0,1
1123,0.58,0,1
1124,0.735,0,1
1125,0.846,0,1
1126,0.715,0,1
1127,0.661,0,1
1128,0.778,0,1
1129,0.772,0,1
1130,0.496,0,1
1131,0.759,0,1
1132,0.606,0,1
1133,0.129,0,1
1134,0.796,0,1
1135,0.892,0,1
1136,0.514,0,1
1137,0.818,0,1
1138,0.546,0,1
1139,0.786,0,1
1140,0.885,0,1
1141,0.821,0,1
1142,0.926,0,1
1143,0.836,0,1
1144,0.794,0,1
1145,0.864,0,1
1146,0.937,0,1
1147,0.697,0,1
1148,0.483,0,1
1149,0.794,0,1
1150,0.717,0,1
1151,0.759,0,1
1152,0.725,0,1
1153,0.389,0,1
1154,0.683,0,1
1155,0.868,0,1
1156,0.823,0,1
1157,0.251,0,1
1158,0.657,0,1
1159,0.651,0,1
1160,0.844,0,1
1161,0.824,0,1
1162,0.74,0,1
1163,0.494,0,1
1164,0.535,0,1
1165,0.823,0,1
1166,0.596,0,1
1167,0.81,0,1
1168,0.6,0,1
1169,0.691,0,1
1170,0.819,0,1
1171,0.648,0,1
1172,0.091,0,1
1173,0.762,0,1
1174,0.627,0,1
1175,0.777,0,1
1176,0.558,0,1
1177,0.426,0,1
1178,0.852,0,1
1179,0.873,0,1
1180,0.617,0,1
1181,0.839,0,1
1182,0.24,0,1
1183,0.73,0,1
1184,0.469,0,1
1185,0.545,0,1
1186,0.741,0,1
1187,0.446,0,1
1188,0.563,0,1
1189,0.785,0,1
1190,0.872,0,1
1191,0.956,0,1
1192,0.348,0,1
1193,0.627,0,1
1194,0.836,0,1
1195,0.929,0,1
1196,0.794,0,1
1197,0.499,0,1
1198,0.655,0,1
1199,0.598,0,1
1200,0.306,0,1
1201,0.262,0,1
1202,0.601,0,1
1203,0.626,0,1
1204,0.686,0,1
1205,0.576,0,1
1206,0.727,0,1
1207,0.703,0,1
1208,0.642,0,1
1209,0.829,0,1
1210,0.488,0,1
1211,0.474,0,1
1212,0.779,0,1
1213,0.747,0,1
1214,0.603,0,1
1215,0.369,0,1
1216,0.816,0,1
1217,0.698,0,1
1218,0.797,0,1
1219,0.564,0,1
1220,0.66,0,1
1221,0.2,0,1
1222,0.819,0,1
1223,0.696,0,1
1224,0.778,0,1
1225,0.769,0,1
1226,0.341,0,1
1227,0.666,0,1
1228,0.787,0,1
1229,0.655,0,1
1230,0.722,0,1
1231,0.875,0,1
1232,0.703,0,1
1233,0.564,0,1
1234,0.544,0,1
1235,0.827,0,1
1236,0.416,0,1
1237,0.435,0,1
1238,0.681,0,1
1239,0.653,0,1
1240,0.686,0,1
1241,0.609,0,1
1242,0.0,1,1
1243,0.444,0,1
1244,0.858,0,1
1245,0.898,0,1
1246,0.173,0,1
1247,0.386,0,1
1248,0.676,0,1
1249,0.91,0,1
1250,0.088,0,1
1251,0.835,0,1
1252,0.679,0,1
1253,0.433,0,1
1254,0.244,0,1
1255,0.699,0,1
1256,0.535,0,1
1257,0.138,0,1
1258,0.501,0,1
1259,0.908,0,1
1260,0.858,0,1
1261,0.245,0,1
1262,0.774,0,1
1263,0.789,0,1
1264,0.695,0,1
1265,0.197,0,1
1266,0.819,0,1
1267,0.348,0,1
1268,0.604,0,1
1269,0.822,0,1
1270,0.148,0,1
1271,0.664,0,1
1272,0.852,0,1
1273,0.368,0,1
1274,0.354,0,1
1275,0.027,0,1
1276,0.63,0,1
1277,0.707,0,1
1278,0.682,0,1
1279,0.802,0,1
1280,0.307,0,1
1281,0.166,0,1
1282,0.579,0,1
1283,0.877,0,1
1284,0.779,0,1
1285,0.712,0,1
1286,0.021,0,1
1287,0.696,0,1
1288,0.554,0,1
1289,0.735,0,1
1290,0.308,0,1
1291,0.484,0,1
1292,0.946,0,1
1293,0.789,0,1
1294,0.71,0,1
1295,0.587,0,1
1296,0.811,0,1
1297,0.585,0,1
1298,0.68,0,1
1299,0.581,0,1
1300,0.747,0,1
1301,0.722,0,1
1302,0.645,0,1
1303,0.713,0,1
1304,0.588,0,1
1305,0.924,0,1
1306,0.759,0,1
1307,0.545,0,1
1308,0.838,0,1
1309,0.68,0,1
1310,0.637,0,1
1311,0.718,0,1
1312,0.681,0,1
1313,0.619,0,1
1314,0.705,0,1
1315,0.896,0,1
1316,0.846,0,1
1317,0.616,0,1
1318,0.805,0,1
1319,0.769,0,1
1320,0.829,1,1
1321,1.0,1,1
1322,0.767,1,1
1323,0.946,1,1
1324,0.991,1,1
1325,0.994,1,1
1326,0.356,1,1
1327,0.257,1,1
1328,0.403,1,1
1329,0.933,1,1
1330,0.944,1,1
1331,0.255,1,1
1332,0.792,1,1
1333,1.0,1,1
1334,1.0,1,1
1335,0.68,1,1
1336,0.935,1,1
1337,0.953,1,1
1338,0.53,1,1
1339,0.961,1,1
1340,0.946,1,1
1341,0.999,1,1
1342,0.963,1,1
1343,0.996,1,1
1344,0.31,1,1
1345,0.982,1,1
1346,0.94,1,1
1347,0.998,1,1
1348,0.301,1,1
1349,0.997,1,1
1350,0.998,1,1
1351,0.617,1,1
1352,0.252,1,1
1353,0.998,1,1
1354,1.0,1,1
1355,0.481,1,1
1356,0.389,1,1
1357,0.747,1,1
1358,0.915,1,1
1359,0.472,1,1
1360,0.743,1,1
1361,0.704,1,1
1362,0.857,1,1
1363,1.0,1,1
1364,0.482,1,1
1365,0.997,1,1
1366,0.974,1,1
1367,0.628,1,1
1368,0.56,1,1
1369,0.983,1,1
1370,0.779,1,1
1371,0.99,1,1
1372,0.342,1,1
1373,0.0,0,1
1374,0.268,1,1
1375,0.98,1,1
1376,0.99,1,1
1377,0.154,1,1
1378,0.481,1,1
1379,0.989,1,1
1380,1.0,1,1
1381,0.996,1,1
1382,0.991,1,1
1383,0.928,1,1
1384,0.425,1,1
1385,0.725,1,1
1386,0.398,1,1
1387,0.999,1,1
1388,0.834,1,1
1389,1.0,1,1
1390,0.612,1,1
1391,0.989,1,1
1392,0.999,1,1
1393,0.607,1,1
1394,0.561,1,1
1395,1.0,1,1
1396,0.948,1,1
1397,1.0,1,1
1398,0.324,1,1
1399,1.0,1,1
1400,0.482,1,1
1401,0.898,1,1
1402,0.993,1,1
1403,0.962,1,1
1404,0.868,1,1
1405,0.79,1,1
1406,0.381,1,1
1407,0.233,1,1
1408,0.994,1,1
1409,0.394,1,1
1410,0.723,1,1
1411,0.888,1,1
1412,0.87,1,1
1413,0.811,1,1
1414,0.98,1,1
1415,0.851,1,1
1416,0.823,1,1
1417,0.374,1,1
1418,0.71,1,1
1419,0.54,1,1
1420,0.483,1,1
1421,0.335,1,1
1422,0.653,1,1
1423,0.917,1,1
1424,0.982,1,1
1425,1.0,1,1
1426,0.992,1,1
1427,0.232,1,1
1428,1.0,1,1
1429,0.943,1,1
1430,0.49,1,1
1431,0.965,1,1
1432,0.364,1,1
1433,0.505,1,1
1434,0.319,1,1
1435,0.787,1,1
1436,1.0,1,1
1437,0.504,1,1
1438,0.982,1,1
1439,0.455,1,1
1440,1.0,1,1
1441,0.55,1,1
1442,0.836,1,1
1443,0.696,1,1
1444,0.957,1,1
1445,1.0,1,1
1446,1.0,1,1
1447,0.971,1,1
1448,0.983,1,1
1449,0.987,1,1
1450,0.157,1,1
1451,0.997,1,1
1452,0.478,1,1
1453,0.95,1,1
1454,0.637,1,1
1455,0.447,1,1
1456,0.94,1,1
1457,1.0,1,1
1458,0.225,1,1
1459,0.456,1,1
1460,0.994,1,1
1461,0.906,1,1
1462,0.185,1,1
1463,0.994,1,1
1464,0.362,1,1
1465,0.529,1,1
1466,0.957,1,1
1467,0.895,1,1
1468,0.997,1,1
1469,0.993,1,1
1470,0.765,1,1
1471,0.737,1,1
1472,0.592,1,1
1473,0.996,1,1
1474,0.996,1,1
1475,0.984,1,1
1476,0.507,1,1
1477,0.213,1,1
1478,0.391,1,1
1479,1.0,1,1
1480,0.721,1,1
1481,1.0,1,1
1482,0.861,1,1
1483,1.0,1,1
1484,0.613,1,1
1485,0.659,1,1
1486,0.38,1,1
1487,0.856,1,1
1488,0.969,1,1
1489,0.387,1,1
1490,0.707,1,1
1491,0.807,1,1
1492,1.0,1,1
1493,0.36,1,1
1494,0.544,1,1
1495,0.778,1,1
1496,0.341,1,1
1497,0.978,1,1
1498,0.139,1,1
1499,0.923,1,1
1500,0.975,1,1
1501,0.227,1,1
1502,0.865,1,1
1503,0.196,1,1
1504,0.982,1,1
1505,1.0,1,1
1506,0.996,1,1
1507,0.545,1,1
1508,0.975,1,1
1509,0.966,1,1
1510,0.572,1,1
1511,1.0,1,1
1512,1.0,1,1
1513,0.996,1,1
1514,0.477,1,1
1515,0.164,1,1
1516,0.683,1,1
1517,0.948,1,1
1518,1.0,1,1
1519,0.91,1,1
1520,0.849,1,1
1521,1.0,1,1
1522,0.397,1,1
1523,0.63,1,1
1524,0.795,1,1
1525,0.249,1,1
1526,0.976,1,1
1527,0.64,1,1
1528,0.99,1,1
1529,0.856,1,1
1530,0.099,1,1
1531,0.921,1,1
1532,0.949,1,1
1533,0.704,1,1
1534,0.832,1,1
1535,0.372,1,1
1536,0.49,1,1
1537,0.68,1,1
1538,0.35,1,1
1539,0.973,1,1
1540,0.718,1,1
1541,0.995,1,1
1542,1.0,1,1
1543,0.561,1,1
1544,0.63,1,1
1545,0.926,1,1
1546,0.961,1,1
1547,0.484,1,1
1548,1.0,1,1
1549,0.579,1,1
1550,1.0,1,1
1551,0.247,1,1
1552,0.889,1,1
1553,0.906,1,1
1554,1.0,1,1
1555,1.0,1,1
1556,0.346,1,1
1557,0.975,1,1
1558,0.997,1,1
1559,0.68,1,1
1560,0.709,1,1
1561,0.997,1,1
1562,0.556,1,1
1563,0.976,1,1
1564,0.418,1,1
1565,0.121,1,1
1566,0.851,1,1
1567,0.972,1,1
1568,0.806,1,1
1569,0.96,1,1
1570,0.784,1,1
1571,0.783,1,1
1572,0.966,1,1
1573,1.0,1,1
1574,0.322,1,1
1575,0.546,1,1
1576,0.935,1,1
1577,0.39,1,1
1578,0.998,1,1
1579,0.408,1,1
1580,0.509,1,1
1581,0.534,1,1
1582,0.995,1,1
1583,0.397,1,1
1584,0.993,1,1
1585,1.0,1,1
1586,0.984,1,1
1587,0.193,1,1
1588,0.978,1,1
1589,0.99,1,1
1590,0.966,1,1
1591,0.832,1,1
1592,0.68,1,1
1593,0.955,1,1
1594,0.322,1,1
1595,1.0,1,1
1596,0.976,1,1
1597,0.599,1,1
1598,0.802,1,1
1599,0.826,1,1
1600,0.803,1,1
1601,0.635,1,1
1602,0.995,1,1
1603,0.873,1,1
1604,0.095,1,1
1605,0.247,1,1
1606,0.515,1,1
1607,0.724,1,1
1608,0.989,1,1
1609,0.986,1,1
1610,0.969,1,1
1611,1.0,1,1
1612,0.709,1,1
1613,0.957,1,1
1614,0.167,1,1
1615,0.807,1,1
1616,0.977,1,1
1617,0.975,1,1
1618,0.747,1,1
1619,0.999,1,1
1620,0.992,1,1
1621,0.52,1,1
1622,1.0,1,1
1623,0.973,1,1
1624,0.722,1,1
1625,0.536,1,1
1626,0.819,1,1
1627,1.0,1,1
1628,0.782,1,1
1629,0.984,1,1
1630,0.997,1,1
1631,0.763,1,1
1632,0.975,1,1
1633,0.959,1,1
1634,0.493,1,1
1635,0.479,1,1
1636,0.806,1,1
1637,0.975,1,1
1638,0.331,1,1
1639,0.767,1,1
1640,1.0,1,1
1641,0.326,1,1
1642,0.471,1,1
1643,0.662,1,1
1644,0.252,1,1
1645,0.998,1,1
1646,0.829,1,1
1647,1.0,1,1
1648,0.866,1,1
1649,0.535,1,1
1650,0.557,1,1
1651,0.809,1,1
1652,0.948,1,1
1653,1.0,1,1
1654,0.696,1,1
1655,0.13,1,1
1656,0.867,1,1
1657,0.966,1,1
1658,0.735,1,1
1659,0.904,1,1
1660,0.313,1,1
1661,0.861,1,1
1662,0.996,1,1
1663,0.713,1,1
1664,0.852,1,1
1665,0.979,1,1
1666,0.463,1,1
1667,0.28,1,1
1668,0.975,1,1
1669,0.935,1,1
1670,0.262,1,1
1671,0.996,1,1
1672,0.433,1,1
1673,0.263,1,1
1674,1.0,1,1
1675,0.324,1,1
1676,0.779,1,1
1677,0.383,1,1
1678,0.956,1,1
1679,0.595,1,1
1680,0.653,1,1
1681,0.597,1,1
1682,1.0,1,1
1683,0.719,1,1
1684,0.506,1,1
1685,0.757,1,1
1686,0.864,1,1
1687,0.674,1,1
1688,0.961,1,1
1689,0.853,1,1
1690,0.304,1,1
1691,0.209,1,1
1692,0.907,1,1
1693,0.72,1,1
1694,0.651,1,1
1695,0.768,1,1
1696,0.321,1,1
1697,0.159,1,1
1698,0.471,1,1
1699,0.761,1,1
1700,0.315,1,1
1701,1.0,1,1
1702,0.909,1,1
1703,1.0,1,1
1704,1.0,1,1
1705,1.0,1,1
1706,0.986,1,1
1707,0.819,1,1
1708,0.604,1,1
1709,0.552,1,1
1710,0.976,1,1
1711,0.38,1,1
1712,0.964,1,1
1713,0.582,1,1
1714,0.977,1,1
1715,0.999,1,1
1716,0.473,1,1
1717,0.706,1,1
1718,0.437,1,1
1719,0.057,1,1
1720,0.51,1,1
1721,1.0,1,1
1722,0.072,1,1
1723,0.881,1,1
1724,0.995,1,1
1725,1.0,1,1
1726,0.92,1,1
1727,0.991,1,1
1728,0.307,1,1
1729,0.843,1,1
1730,0.859,1,1
1731,0.647,1,1
1732,0.6,1,1
1733,1.0,1,1
1734,0.929,1,1
1735,0.647,1,1
1736,0.716,1,1
1737,0.106,1,1
1738,0.436,1,1
1739,0.525,1,1
1740,0.515,1,1
1741,0.515,1,1
1742,0.999,1,1
1743,0.996,1,1
1744,0.995,1,1
1745,0.833,1,1
1746,0.518,1,1
1747,0.994,1,1
1748,0.863,1,1
1749,0.683,1,1
1750,0.593,1,1
1751,0.247,1,1
1752,0.049,1,1
1753,0.864,1,1
1754,0.653,1,1
1755,0.642,1,1
1756,1.0,1,1
1757,1.0,1,1
1758,0.999,1,1
1759,0.927,1,1
1760,1.0,1,1
1761,0.897,1,1
1762,1.0,1,1
1763,1.0,1,1
1764,0.312,1,1
1765,0.994,1,1
1766,0.986,1,1
1767,0.859,1,1
1768,0.979,1,1
1769,0.871,1,1
1770,0.999,1,1
1771,0.988,1,1
1772,0.208,1,1
1773,0.532,1,1
1774,1.0,1,1
1775,0.893,1,1
1776,1.0,1,1
1777,0.921,1,1
1778,0.991,1,1
1779,0.249,1,1
1780,0.459,1,1
1781,0.364,1,1
1782,0.707,1,1
1783,0.886,1,1
1784,0.355,1,1
1785,0.303,1,1
1786,0.82,1,1
1787,0.996,1,1
1788,0.957,1,1
1789,0.959,1,1
1790,0.35,1,1
1791,0.989,1,1
1792,0.999,1,1
1793,0.869,1,1
1794,0.689,1,1
1795,0.342,1,1
1796,1.0,1,1
1797,0.951,1,1
1798,0.597,1,1
1799,0.317,1,1
1800,0.964,1,1
1801,0.579,1,1
1802,0.998,1,1
1803,0.998,1,1
1804,0.924,1,1
1805,0.634,1,1
1806,1.0,1,1
1807,1.0,1,1
1808,0.83,1,1
1809,0.592,1,1
1810,0.969,1,1
1811,0.958,1,1
1812,0.995,1,1
1813,1.0,1,1
1814,0.701,1,1
1815,0.256,1,1
1816,1.0,1,1
1817,0.275,1,1
1818,0.972,1,1
1819,0.315,1,1
1820,0.304,1,1
1821,1.0,1,1
1822,0.433,1,1
1823,1.0,1,1
1824,0.806,1,1
1825,0.98,1,1
1826,0.206,1,1
1827,0.81,1,1
1828,1.0,1,1
1829,0.844,1,1
1830,0.567,1,1
1831,0.17,1,1
1832,0.996,1,1
1833,0.842,1,1
1834,0.852,1,1
1835,1.0,1,1
1836,1.0,1,1
1837,0.903,1,1
1838,1.0,1,1
1839,0.238,1,1
1840,0.565,1,1
1841,0.192,1,1
1842,0.424,1,1
1843,0.678,1,1
1844,0.435,1,1
1845,0.851,1,1
1846,0.553,1,1
1847,0.676,1,1
1848,1.0,1,1
1849,0.641,1,1
1850,0.499,1,1
1851,0.745,1,1
1852,0.133,1,1
1853,0.983,1,1
1854,0.254,1,1
1855,0.923,1,1
1856,1.0,1,1
1857,1.0,1,1
1858,0.662,1,1
1859,1.0,1,1
1860,0.967,1,1
1861,0.938,1,1
1862,0.644,1,1
1863,0.568,1,1
1864,0.325,1,1
1865,0.213,1,1
1866,0.637,1,1
1867,0.557,1,1
1868,0.991,1,1
1869,0.719,1,1
1870,0.933,1,1
1871,0.493,1,1
1872,0.952,1,1
1873,0.899,1,1
1874,0.294,1,1
1875,1.0,1,1
1876,0.829,1,1
1877,0.061,1,1
1878,0.933,1,1
1879,0.725,1,1
1880,1.0,1,1
1881,0.883,1,1
1882,1.0,1,1
1883,0.989,1,1
1884,0.448,1,1
1885,0.739,1,1
1886,0.999,1,1
1887,1.0,1,1
1888,0.931,1,1
1889,0.791,1,1
1890,0.819,1,1
1891,0.308,1,1
1892,0.271,1,1
1893,0.732,1,1
1894,0.892,1,1
1895,0.246,1,1
1896,0.892,1,1
1897,0.251,1,1
1898,0.998,1,1
1899,0.248,1,1
1900,0.669,1,1
1901,0.994,1,1
1902,0.803,1,1
1903,1.0,1,1
1904,0.99,1,1
1905,0.99,1,1
1906,0.5,1,1
1907,0.97,1,1
1908,0.888,1,1
1909,0.937,1,1
1910,0.508,1,1
1911,0.839,1,1
1912,0.103,1,1
1913,0.926,1,1
1914,1.0,1,1
1915,0.838,1,1
1916,0.731,1,1
1917,0.878,1,1
1918,0.994,1,1
1919,0.989,1,1
1920,0.948,1,1
1921,0.725,1,1
1922,0.974,1,1
1923,0.264,1,1
1924,0.741,1,1
1925,0.859,1,1
1926,0.43,1,1
1927,0.635,1,1
1928,0.931,1,1
1929,0.204,1,1
1930,0.769,1,1
1931,0.79,1,1
1932,0.548,1,1
1933,0.573,1,1
1934,0.514,1,1
1935,0.874,1,1
1936,0.989,1,1
1937,0.949,1,1
1938,0.215,1,1
1939,0.444,1,1
1940,1.0,1,1
1941,0.325,1,1
1942,0.996,1,1
1943,0.508,1,1
1944,0.162,1,1
1945,0.678,1,1
1946,0.994,1,1
1947,0.354,1,1
1948,0.851,1,1
1949,0.347,1,1
1950,0.893,1,1
1951,0.844,1,1
1952,0.77,1,1
1953,0.997,1,1
1954,0.86,1,1
1955,1.0,1,1
1956,0.217,1,1
1957,0.35,1,1
1958,0.773,1,1
1959,0.965,1,1
1960,0.99,1,1
1961,0.663,1,1
1962,0.965,1,1
1963,0.107,1,1
1964,0.984,1,1
1965,0.99,1,1
1966,0.997,1,1
1967,1.0,1,1
1968,0.16,1,1
1969,0.217,1,1
1970,0.835,1,1
1971,0.872,1,1
1972,0.461,1,1
1973,0.961,1,1
1974,0.999,1,1
1975,0.326,1,1
1976,0.48,1,1
1977,0.0,0,1
1978,0.656,1,1
1979,0.976,1,1
1980,0.987,1,1
1981,1.0,1,1
1982,0.854,1,1
1983,0.819,1,1
1984,0.599,1,1
1985,0.999,1,1
1986,0.911,1,1
1987,0.93,1,1
1988,0.985,1,1
1989,0.411,1,1
1990,0.815,1,1
1991,0.44,1,1
1992,0.836,1,1
1993,0.987,1,1
1994,0.315,1,1
1995,0.351,1,1
1996,0.639,1,1
1997,0.402,1,1
1998,0.277,1,1
1999,0.814,1,1
2000,0.99,1,1
2001,0.999,1,1
2002,0.989,1,1
2003,0.68,1,1
2004,0.3,1,1
2005,0.612,1,1
2006,0.243,1,1
2007,0.408,1,1
2008,0.985,1,1
2009,0.328,1,1
2010,0.725,1,1
2011,0.579,1,1
2012,0.211,1,1
2013,0.379,1,1
2014,0.673,1,1
2015,0.575,1,1
2016,0.999,1,1
2017,0.927,1,1
2018,1.0,1,1
2019,0.961,1,1
2020,0.781,1,1
2021,0.982,1,1
2022,0.647,1,1
2023,0.989,1,1
2024,0.984,1,1
2025,1.0,1,1
2026,0.952,1,1
2027,0.569,1,1
2028,1.0,1,1
2029,0.34,1,1
2030,0.899,1,1
2031,0.627,1,1
2032,0.315,1,1
2033,0.957,1,1
2034,0.854,1,1
2035,0.976,1,1
2036,0.951,1,1
2037,1.0,1,1
2038,0.97,1,1
2039,0.759,1,1
2040,0.458,1,1
2041,0.088,1,1
2042,0.996,1,1
2043,0.461,1,1
2044,0.804,1,1
2045,0.557,1,1
2046,0.976,1,1
2047,0.933,1,1
2048,0.992,1,1
2049,0.917,1,1
2050,0.998,1,1
2051,0.368,1,1
2052,0.928,1,1
2053,0.578,1,1
2054,0.995,1,1
2055,0.147,1,1
2056,0.38,1,1
2057,0.884,1,1
2058,1.0,1,1
2059,0.274,1,1
2060,0.667,1,1
2061,0.991,1,1
2062,0.513,1,1
2063,1.0,1,1
2064,0.927,1,1
2065,1.0,1,1
2066,0.999,1,1
2067,0.995,1,1
2068,0.495,1,1
2069,0.994,1,1
2070,0.654,1,1
2071,1.0,1,1
2072,0.985,1,1
2073,1.0,1,1
2074,0.399,1,1
2075,0.678,1,1
2076,0.53,1,1
2077,0.95,1,1
2078,0.995,1,1
2079,0.742,1,1
2080,0.84,1,1
2081,0.53,1,1
2082,1.0,1,1
2083,0.999,1,1
2084,0.949,1,1
2085,0.428,1,1
2086,0.989,1,1
2087,0.914,1,1
2088,1.0,1,1
2089,0.991,1,1
2090,0.944,1,1
2091,0.985,1,1
2092,0.567,1,1
2093,0.98,1,1
2094,0.596,1,1
2095,1.0,1,1
2096,0.792,1,1
2097,0.614,1,1
2098,0.988,1,1
2099,0.712,1,1
2100,0.96,1,1
2101,0.83,1,1
2102,0.638,1,1
2103,0.888,1,1
2104,0.825,1,1
2105,0.32,1,1
2106,0.096,1,1
2107,0.81,1,1
2108,0.932,1,1
2109,0.994,1,1
2110,0.978,1,1
2111,0.338,1,1
2112,0.919,1,1
2113,0.791,1,1
2114,0.824,1,1
2115,0.591,1,1
2116,0.733,1,1
2117,0.877,1,1
2118,0.788,1,1
2119,0.997,1,1
2120,1.0,1,1
2121,0.715,1,1
2122,0.696,1,1
2123,1.0,1,1
2124,1.0,1,1
2125,0.384,1,1
2126,0.649,1,1
2127,0.964,1,1
2128,0.954,1,1
2129,0.7,1,1
2130,0.67,1,1
2131,0.963,1,1
2132,0.535,1,1
2133,0.614,1,1
2134,0.356,1,1
2135,0.841,1,1
2136,0.703,1,1
2137,0.881,1,1
2138,0.516,1,1
2139,0.583,1,1
2140,0.308,1,1
2141,0.875,1,1
2142,0.2,1,1
2143,0.527,1,1
2144,0.966,1,1
2145,0.229,1,1
2146,0.971,1,1
2147,0.653,1,1
2148,0.927,1,1
2149,0.653,1,1
2150,0.76,1,1
2151,0.684,1,1
2152,0.657,1,1
2153,0.985,1,1
2154,0.994,1,1
2155,0.941,1,1
2156,0.418,1,1
2157,0.563,1,1
2158,0.606,1,1
2159,1.0,1,1
2160,0.705,1,1
2161,0.913,1,1
2162,0.891,1,1
2163,0.637,1,1
2164,0.712,1,1
2165,0.826,1,1
2166,0.436,1,1
2167,0.869,1,1
2168,0.796,1,1
2169,0.993,1,1
2170,1.0,1,1
2171,0.617,1,1
2172,1.0,1,1
2173,1.0,1,1
2174,0.196,1,1
2175,0.947,1,1
2176,0.946,1,1
2177,0.517,1,1
2178,0.715,1,1
2179,0.449,1,1
2180,0.777,1,1
2181,0.432,1,1
2182,0.999,1,1
2183,0.145,1,1
2184,0.934,1,1
2185,1.0,1,1
2186,0.925,1,1
2187,0.792,1,1
2188,1.0,1,1
2189,0.652,1,1
2190,0.996,1,1
2191,0.488,1,1
2192,0.197,1,1
2193,0.972,1,1
2194,0.953,1,1
2195,0.999,1,1
2196,0.267,1,1
2197,0.665,1,1
2198,0.419,1,1
2199,0.673,1,1
2200,0.997,1,1
2201,0.803,1,1
2202,0.953,1,1
2203,0.373,1,1
2204,0.911,1,1
2205,0.47,1,1
2206,0.475,1,1
2207,1.0,1,1
2208,0.433,1,1
2209,1.0,1,1
2210,0.999,1,1
2211,0.806,1,1
2212,1.0,1,1
2213,0.908,1,1
2214,0.992,1,1
2215,0.901,1,1
2216,0.445,1,1
2217,1.0,1,1
2218,0.552,1,1
2219,0.753,1,1
2220,0.457,1,1
2221,0.757,1,1
2222,0.999,1,1
2223,1.0,1,1
2224,0.377,1,1
2225,1.0,1,1
2226,0.768,1,1
2227,0.356,1,1
2228,0.98,1,1
2229,0.997,1,1
2230,0.306,1,1
2231,0.902,1,1
2232,0.341,1,1
2233,0.894,1,1
2234,1.0,1,1
2235,1.0,1,1
2236,0.913,1,1
2237,1.0,1,1
2238,0.335,1,1
2239,0.989,1,1
2240,0.636,1,1
2241,0.98,1,1
2242,0.702,1,1
2243,0.85,1,1
2244,0.939,1,1
2245,0.776,1,1
2246,0.917,1,1
2247,0.945,1,1
2248,0.408,1,1
2249,0.999,1,1
2250,0.961,1,1
2251,0.37,1,1
2252,0.772,1,1
2253,1.0,1,1
2254,1.0,1,1
2255,0.922,1,1
2256,0.564,1,1
2257,0.493,1,1
2258,0.92,1,1
2259,0.178,1,1
2260,0.876,1,1
2261,0.96,1,1
2262,1.0,1,1
2263,0.893,1,1
2264,1.0,1,1
2265,0.91,1,1
2266,0.609,1,1
2267,0.683,1,1
2268,0.178,1,1
2269,0.567,1,1
2270,0.449,1,1
2271,0.305,1,1
2272,0.866,1,1
2273,0.891,1,1
2274,0.58,1,1
2275,0.706,1,1
2276,0.915,1,1
2277,0.768,1,1
2278,0.452,1,1
2279,0.999,1,1
2280,0.178,1,1
2281,0.225,1,1
2282,0.996,1,1
2283,0.977,1,1
2284,0.923,1,1
2285,0.828,1,1
2286,0.999,1,1
2287,0.896,1,1
2288,0.786,1,1
2289,0.869,1,1
2290,0.647,1,1
2291,0.173,1,1
2292,0.736,1,1
2293,0.749,1,1
2294,0.175,1,1
2295,0.986,1,1
2296,1.0,1,1
2297,0.456,1,1
2298,0.462,1,1
2299,0.828,1,1
2300,0.236,1,1
2301,0.902,1,1
2302,0.605,1,1
2303,0.204,1,1
2304,0.497,1,1
2305,0.806,1,1
2306,0.935,1,1
2307,1.0,1,1
2308,0.971,1,1
2309,0.681,1,1
2310,1.0,1,1
2311,0.291,1,1
2312,0.981,1,1
2313,0.127,1,1
2314,0.917,1,1
2315,0.96,1,1
2316,0.842,1,1
2317,0.569,1,1
2318,0.957,1,1
2319,0.949,1,1
2320,0.895,1,1
2321,0.243,1,1
2322,0.608,1,1
2323,0.906,1,1
2324,0.88,1,1
2325,1.0,1,1
2326,0.594,1,1
2327,0.983,1,1
2328,0.23,1,1
2329,0.33,1,1
2330,0.429,1,1
2331,0.955,1,1
2332,0.955,1,1
2333,0.402,1,1
2334,0.699,1,1
2335,0.233,1,1
2336,0.515,1,1
2337,0.426,1,1
2338,0.886,1,1
2339,0.292,1,1
2340,0.919,1,1
2341,0.776,1,1
2342,0.82,1,1
2343,0.63,1,1
2344,0.292,1,1
2345,0.809,1,1
2346,0.228,1,1
2347,0.961,1,1
2348,1.0,1,1
2349,0.512,1,1
2350,0.428,1,1
2351,1.0,1,1
2352,0.995,1,1
2353,0.293,1,1
2354,0.724,1,1
2355,1.0,1,1
2356,1.0,1,1
2357,1.0,1,1
2358,1.0,1,1
2359,0.673,1,1
2360,0.93,1,1
2361,0.998,1,1
2362,0.948,1,1
2363,0.871,1,1
2364,0.809,1,1
2365,0.746,1,1
2366,0.458,1,1
2367,0.952,1,1
2368,0.0,0,1
2369,0.786,1,1
2370,0.543,1,1
2371,0.953,1,1
2372,0.92,1,1
2373,0.256,1,1
2374,1.0,1,1
2375,1.0,1,1
2376,0.876,1,1
2377,0.989,1,1
2378,0.944,1,1
2379,0.982,1,1
2380,1.0,1,1
2381,0.987,1,1
2382,0.868,1,1
2383,0.975,1,1
2384,0.907,1,1
2385,0.467,1,1
2386,1.0,1,1
2387,0.984,1,1
2388,0.994,1,1
2389,0.999,1,1
2390,1.0,1,1
2391,0.589,1,1
2392,0.996,1,1
2393,0.395,1,1
2394,1.0,1,1
2395,0.38,1,1
2396,0.912,1,1
2397,0.794,1,1
2398,0.964,1,1
2399,0.852,1,1
2400,0.949,1,1
2401,0.658,1,1
2402,0.968,1,1
2403,0.999,1,1
2404,0.439,1,1
2405,1.0,1,1
2406,0.35,1,1
2407,0.894,1,1
2408,0.384,1,1
2409,0.375,1,1
2410,0.509,1,1
2411,0.968,1,1
2412,0.934,1,1
2413,0.795,1,1
2414,0.699,1,1
2415,0.997,1,1
2416,0.825,1,1
2417,0.631,1,1
2418,0.91,1,1
2419,1.0,1,1
2420,0.945,1,1
2421,0.749,1,1
2422,0.947,1,1
2423,0.999,1,1
2424,0.156,1,1
2425,0.451,1,1
2426,0.712,1,1
2427,0.317,1,1
2428,0.568,1,1
2429,0.934,1,1
2430,0.949,1,1
2431,0.815,1,1
2432,0.999,1,1
2433,0.81,1,1
2434,0.595,1,1
2435,0.918,1,1
2436,0.941,1,1
2437,0.955,1,1
2438,0.894,1,1
2439,0.64,1,1
2440,0.376,1,1
2441,0.653,1,1
2442,0.961,1,1
2443,0.882,1,1
2444,0.622,1,1
2445,0.322,1,1
2446,0.986,1,1
2447,0.761,1,1
2448,0.935,1,1
2449,0.983,1,1
2450,0.888,1,1
2451,0.147,1,1
2452,0.31,1,1
2453,0.811,1,1
2454,0.375,1,1
2455,0.97,1,1
2456,0.993,1,1
2457,1.0,1,1
2458,0.888,1,1
2459,0.869,1,1
2460,0.681,1,1
2461,0.799,1,1
2462,0.771,1,1
2463,0.779,1,1
2464,0.0,0,1
2465,0.193,1,1
2466,0.982,1,1
2467,0.998,1,1
2468,0.406,1,1
2469,0.707,1,1
2470,0.718,1,1
2471,0.288,1,1
2472,0.353,1,1
2473,0.179,1,1
2474,0.968,1,1
2475,1.0,1,1
2476,0.999,1,1
2477,1.0,1,1
2478,0.973,1,1
2479,0.896,1,1
2480,0.361,1,1
2481,1.0,1,1
2482,1.0,1,1
2483,0.985,1,1
2484,0.467,1,1
2485,0.858,1,1
2486,0.913,1,1
2487,0.968,1,1
2488,1.0,1,1
2489,0.963,1,1
2490,0.423,1,1
2491,0.739,1,1
2492,0.362,1,1
2493,0.996,1,1
2494,0.974,1,1
2495,0.421,1,1
2496,0.493,1,1
2497,0.097,1,1
2498,0.998,1,1
2499,0.931,1,1
2500,0.792,1,1
2501,0.881,1,1
2502,0.997,1,1
2503,0.682,1,1
2504,0.753,1,1
2505,0.397,1,1
2506,0.794,1,1
2507,0.512,1,1
2508,0.442,1,1
2509,0.706,1,1
2510,0.994,1,1
2511,1.0,1,1
2512,1.0,1,1
2513,0.663,1,1
2514,0.828,1,1
2515,0.605,1,1
2516,0.983,1,1
2517,0.412,1,1
2518,0.585,1,1
2519,1.0,1,1
2520,0.825,1,1
2521,0.99,1,1
2522,1.0,1,1
2523,0.942,1,1
2524,0.947,1,1
2525,0.973,1,1
2526,0.526,1,1
2527,1.0,1,1
2528,0.486,1,1
2529,0.0,0,1
2530,0.317,1,1
2531,0.999,1,1
2532,0.804,1,1
2533,0.884,1,1
2534,0.87,1,1
2535,0.531,1,1
2536,0.102,1,1
2537,0.553,1,1
2538,0.958,1,1
2539,0.986,1,1
2540,0.199,1,1
2541,0.875,1,1
2542,0.669,1,1
2543,0.695,1,1
2544,0.87,1,1
2545,0.927,1,1
2546,0.99,1,1
2547,0.826,1,1
2548,0.466,1,1
2549,0.57,1,1
2550,0.822,1,1
2551,0.994,1,1
2552,0.996,1,1
2553,0.983,1,1
2554,0.985,1,1
2555,0.927,1,1
2556,0.99,1,1
2557,1.0,1,1
2558,0.493,1,1
2559,0.558,1,1
2560,1.0,1,1
2561,0.571,1,1
2562,0.295,1,1
2563,0.85,1,1
2564,0.392,1,1
2565,0.451,1,1
2566,0.948,1,1
2567,0.965,1,1
2568,0.998,1,1
2569,0.549,1,1
2570,0.638,1,1
2571,0.893,1,1
2572,0.955,1,1
2573,0.15,1,1
2574,0.954,1,1
2575,0.998,1,1
2576,0.957,1,1
2577,0.976,1,1
2578,0.989,1,1
2579,0.304,1,1
2580,1.0,1,1
2581,0.5,1,1
2582,0.657,1,1
2583,0.744,1,1
2584,0.327,1,1
2585,0.506,1,1
2586,0.985,1,1
2587,1.0,1,1
2588,0.838,1,1
2589,0.747,1,1
2590,0.76,1,1
2591,1.0,1,1
2592,0.945,1,1
2593,0.975,1,1
2594,0.91,1,1
2595,0.526,1,1
2596,0.989,1,1
2597,0.46,1,1
2598,0.221,1,1
2599,0.885,1,1
2600,0.689,1,1
2601,0.957,1,1
2602,0.941,1,1
2603,0.994,1,1
2604,0.916,1,1
2605,1.0,1,1
2606,0.204,1,1
2607,0.838,1,1
2608,0.757,1,1
2609,0.667,1,1
2610,0.95,1,1
2611,0.791,1,1
2612,0.329,1,1
2613,0.796,1,1
2614,0.998,1,1
2615,0.989,1,1
2616,0.632,1,1
2617,1.0,1,1
2618,0.944,1,1
2619,0.188,1,1
2620,0.242,1,1
2621,0.778,1,1
2622,0.442,1,1
2623,1.0,1,1
2624,0.533,1,1
2625,0.627,1,1
2626,0.216,1,1
2627,0.999,1,1
2628,0.997,1,1
2629,0.996,1,1
2630,0.987,1,1
2631,0.876,1,1
2632,0.955,1,1
2633,0.991,1,1
2634,0.901,1,1
2635,0.527,1,1
2636,0.308,1,1
2637,0.469,1,1
2638,0.952,1,1
2639,0.32,1,1
